symbol,date,high,low,close,volume,ema50,ema200,rsi,return_1m,return_3m,return_6m,avg_volume_30,volume_expansion
360ONE,2026-05-22,1121.8,1103.0,1112.4,482891,,,,,,,,
360ONE,2026-05-25,1144.4,1119.1,1142.4,725309,,,,,,,,
360ONE,2026-05-26,1152.0,1121.7,1125.3,762091,,,,,,,,
360ONE,2026-05-27,1129.5,1109.2,1112.1,274760,,,,,,,,
360ONE,2026-05-29,1127.8,1095.0,1104.5,1006275,,,,,,,,
3MINDIA,2026-05-22,34545.0,32350.0,33315.0,49022,,,,,,,,
3MINDIA,2026-05-25,34300.0,33185.0,33615.0,13508,,,,,,,,
3MINDIA,2026-05-26,34180.0,33000.0,33100.0,5962,,,,,,,,
3MINDIA,2026-05-27,33610.0,33110.0,33225.0,2695,,,,,,,,
3MINDIA,2026-05-29,33475.0,32510.0,32810.0,4786,,,,,,,,
AADHARHFC,2026-05-22,486.4,469.05,475.45,332571,,,,,,,,
AADHARHFC,2026-05-25,480.7,468.5,473.25,417629,,,,,,,,
AADHARHFC,2026-05-26,484.5,473.25,478.2,253411,,,,,,,,
AADHARHFC,2026-05-27,482.5,474.65,477.8,173436,,,,,,,,
AADHARHFC,2026-05-29,482.0,471.1,477.2,363653,,,,,,,,
AARTIIND,2026-05-22,482.05,473.25,476.2,583874,,,,,,,,
AARTIIND,2026-05-25,487.9,477.9,482.6,418896,,,,,,,,
AARTIIND,2026-05-26,501.3,480.5,491.0,1151979,,,,,,,,
AARTIIND,2026-05-27,501.4,490.0,500.75,736246,,,,,,,,
AARTIIND,2026-05-29,501.4,470.6,475.0,807914,,,,,,,,
AAVAS,2026-05-22,1412.0,1356.0,1396.9,176013,,,,,,,,
AAVAS,2026-05-25,1416.7,1361.9,1375.0,37767,,,,,,,,
AAVAS,2026-05-26,1408.0,1366.7,1393.3,198555,,,,,,,,
AAVAS,2026-05-27,1402.5,1364.3,1369.0,187307,,,,,,,,
AAVAS,2026-05-29,1382.9,1326.4,1343.1,105409,,,,,,,,
ABB,2026-05-22,6741.0,6594.0,6689.5,371775,,,,,,,,
ABB,2026-05-25,6826.0,6712.5,6755.0,263153,,,,,,,,
ABB,2026-05-26,6822.0,6722.0,6804.0,200573,,,,,,,,
ABB,2026-05-27,7244.0,6808.0,7219.0,636096,,,,,,,,
ABB,2026-05-29,7340.0,7121.0,7253.0,1105117,,,,,,,,
ABBOTINDIA,2026-05-22,27985.0,27185.0,27830.0,8815,,,,,,,,
ABBOTINDIA,2026-05-25,27965.0,27400.0,27705.0,11197,,,,,,,,
ABBOTINDIA,2026-05-26,27880.0,27500.0,27610.0,14422,,,,,,,,
ABBOTINDIA,2026-05-27,27825.0,27455.0,27735.0,5170,,,,,,,,
ABBOTINDIA,2026-05-29,27845.0,26630.0,26855.0,10979,,,,,,,,
ABCAPITAL,2026-05-22,357.8,347.3,357.3,3506988,,,,,,,,
ABCAPITAL,2026-05-25,364.95,360.0,363.65,2791387,,,,,,,,
ABCAPITAL,2026-05-26,366.3,361.65,363.05,5344287,,,,,,,,
ABCAPITAL,2026-05-27,367.9,362.35,364.9,2330771,,,,,,,,
ABCAPITAL,2026-05-29,369.8,360.8,363.3,5569935,,,,,,,,
ABDL,2026-05-22,555.35,528.6,536.3,224435,,,,,,,,
ABDL,2026-05-25,547.15,534.0,536.0,145903,,,,,,,,
ABDL,2026-05-26,551.1,534.8,544.9,332560,,,,,,,,
ABDL,2026-05-27,546.0,536.4,539.85,191536,,,,,,,,
ABDL,2026-05-29,566.8,538.15,558.3,330864,,,,,,,,
ABFRL,2026-05-22,68.25,65.7,67.35,4299249,,,,,,,,
ABFRL,2026-05-25,69.0,67.05,67.36,3625639,,,,,,,,
ABFRL,2026-05-26,68.46,64.58,64.87,18583012,,,,,,,,
ABFRL,2026-05-27,65.75,63.55,64.06,4935432,,,,,,,,
ABFRL,2026-05-29,68.19,63.25,64.61,21866359,,,,,,,,
ABLBL,2026-05-22,104.74,101.51,102.02,880442,,,,,,,,
ABLBL,2026-05-25,104.0,102.02,102.39,391645,,,,,,,,
ABLBL,2026-05-26,103.34,101.81,102.12,427878,,,,,,,,
ABLBL,2026-05-27,102.89,101.32,102.0,319251,,,,,,,,
ABLBL,2026-05-29,102.9,98.2,100.17,2913328,,,,,,,,
ABREL,2026-05-22,1277.0,1241.9,1249.7,125739,,,,,,,,
ABREL,2026-05-25,1307.6,1255.3,1285.8,218318,,,,,,,,
ABREL,2026-05-26,1327.9,1260.3,1268.7,230519,,,,,,,,
ABREL,2026-05-27,1277.9,1246.1,1252.8,89183,,,,,,,,
ABREL,2026-05-29,1297.7,1225.0,1243.8,215115,,,,,,,,
ABSLAMC,2026-05-22,1027.8,1005.1,1011.7,105597,,,,,,,,
ABSLAMC,2026-05-25,1047.1,1005.0,1016.2,406460,,,,,,,,
ABSLAMC,2026-05-26,1027.9,997.1,1003.4,234004,,,,,,,,
ABSLAMC,2026-05-27,1034.6,998.0,1027.3,250892,,,,,,,,
ABSLAMC,2026-05-29,1089.5,1025.1,1064.0,432117,,,,,,,,
ACC,2026-05-22,1370.4,1357.1,1360.0,141070,,,,,,,,
ACC,2026-05-25,1394.1,1365.7,1382.3,184811,,,,,,,,
ACC,2026-05-26,1420.3,1381.4,1412.6,189369,,,,,,,,
ACC,2026-05-27,1429.9,1397.8,1426.6,206555,,,,,,,,
ACC,2026-05-29,1433.5,1388.0,1399.3,195857,,,,,,,,
ACE,2026-05-22,897.0,867.75,881.9,290673,,,,,,,,
ACE,2026-05-25,907.7,884.0,885.45,220584,,,,,,,,
ACE,2026-05-26,915.0,886.0,894.9,342470,,,,,,,,
ACE,2026-05-27,909.05,893.0,906.25,180016,,,,,,,,
ACE,2026-05-29,926.25,879.0,884.95,438256,,,,,,,,
ACMESOLAR,2026-05-22,295.8,282.95,290.2,2597818,,,,,,,,
ACMESOLAR,2026-05-25,303.5,286.85,300.6,3592647,,,,,,,,
ACMESOLAR,2026-05-26,309.15,299.5,302.75,1999692,,,,,,,,
ACMESOLAR,2026-05-27,309.65,302.5,305.6,1292446,,,,,,,,
ACMESOLAR,2026-05-29,313.45,301.5,310.1,4064881,,,,,,,,
ACUTAAS,2026-05-22,3001.0,2930.0,2951.2,333925,,,,,,,,
ACUTAAS,2026-05-25,2963.3,2864.2,2923.8,333972,,,,,,,,
ACUTAAS,2026-05-26,3069.0,2918.0,3034.8,530723,,,,,,,,
ACUTAAS,2026-05-27,3075.3,2989.0,3000.6,206974,,,,,,,,
ACUTAAS,2026-05-29,3184.9,2991.0,3132.5,602384,,,,,,,,
ADANIENSOL,2026-05-22,1391.8,1363.1,1367.9,3344194,,,,,,,,
ADANIENSOL,2026-05-25,1412.0,1357.6,1404.3,3046325,,,,,,,,
ADANIENSOL,2026-05-26,1489.0,1397.6,1463.3,6172118,,,,,,,,
ADANIENSOL,2026-05-27,1558.8,1475.1,1540.1,7841736,,,,,,,,
ADANIENSOL,2026-05-29,1578.5,1504.0,1513.3,3353166,,,,,,,,
ADANIENT,2026-05-22,2745.0,2706.1,2717.3,1094843,,,,,,,,
ADANIENT,2026-05-25,2858.8,2739.3,2849.7,3277924,,,,,,,,
ADANIENT,2026-05-26,2979.4,2825.0,2969.3,4899494,,,,,,,,
ADANIENT,2026-05-27,3027.5,2944.0,2973.1,3826916,,,,,,,,
ADANIENT,2026-05-29,2995.0,2926.8,2937.4,4040865,,,,,,,,
ADANIGREEN,2026-05-22,1381.8,1359.0,1362.3,1681359,,,,,,,,
ADANIGREEN,2026-05-25,1420.7,1365.8,1411.1,4194567,,,,,,,,
ADANIGREEN,2026-05-26,1465.0,1403.2,1457.4,4949474,,,,,,,,
ADANIGREEN,2026-05-27,1518.0,1467.0,1489.9,6509853,,,,,,,,
ADANIGREEN,2026-05-29,1532.5,1465.1,1475.4,4207457,,,,,,,,
ADANIPORTS,2026-05-22,1802.3,1780.5,1786.9,1487044,,,,,,,,
ADANIPORTS,2026-05-25,1813.3,1793.0,1802.9,1516143,,,,,,,,
ADANIPORTS,2026-05-26,1820.5,1800.0,1811.2,2104926,,,,,,,,
ADANIPORTS,2026-05-27,1842.8,1809.9,1824.5,2102406,,,,,,,,
ADANIPORTS,2026-05-29,1840.7,1796.4,1804.6,3554087,,,,,,,,
ADANIPOWER,2026-05-22,222.47,219.0,219.32,17090471,,,,,,,,
ADANIPOWER,2026-05-25,234.6,220.31,233.38,73847208,,,,,,,,
ADANIPOWER,2026-05-26,245.7,233.77,244.53,91664035,,,,,,,,
ADANIPOWER,2026-05-27,252.65,245.5,248.91,85859567,,,,,,,,
ADANIPOWER,2026-05-29,254.2,242.19,243.37,71856898,,,,,,,,
AEGISLOG,2026-05-22,732.1,720.75,724.45,218048,,,,,,,,
AEGISLOG,2026-05-25,741.1,726.0,730.95,433218,,,,,,,,
AEGISLOG,2026-05-26,739.8,711.1,715.1,331930,,,,,,,,
AEGISLOG,2026-05-27,718.25,705.0,714.0,261465,,,,,,,,
AEGISLOG,2026-05-29,774.0,720.0,748.45,5777221,,,,,,,,
AEGISVOPAK,2026-05-22,209.1,202.92,207.37,391874,,,,,,,,
AEGISVOPAK,2026-05-25,213.7,205.36,207.88,633853,,,,,,,,
AEGISVOPAK,2026-05-26,211.52,206.0,208.33,231447,,,,,,,,
AEGISVOPAK,2026-05-27,209.99,204.12,205.76,398179,,,,,,,,
AEGISVOPAK,2026-05-29,208.92,193.01,196.16,777726,,,,,,,,
AFCONS,2026-05-22,307.0,297.2,300.25,668216,,,,,,,,
AFCONS,2026-05-25,305.5,301.25,303.05,250115,,,,,,,,
AFCONS,2026-05-26,325.0,303.4,322.5,3416540,,,,,,,,
AFCONS,2026-05-27,324.6,316.05,318.05,523641,,,,,,,,
AFCONS,2026-05-29,342.5,313.0,339.05,3017788,,,,,,,,
AFFLE,2026-05-22,1472.5,1423.2,1431.2,286047,,,,,,,,
AFFLE,2026-05-25,1484.4,1439.9,1468.2,196288,,,,,,,,
AFFLE,2026-05-26,1544.0,1472.7,1486.2,334125,,,,,,,,
AFFLE,2026-05-27,1498.8,1453.0,1477.2,195589,,,,,,,,
AFFLE,2026-05-29,1503.9,1449.5,1463.0,218062,,,,,,,,
AIAENG,2026-05-22,4049.9,3961.0,3994.0,41320,,,,,,,,
AIAENG,2026-05-25,4090.0,3932.7,3972.8,28184,,,,,,,,
AIAENG,2026-05-26,4194.0,3970.0,4143.4,241336,,,,,,,,
AIAENG,2026-05-27,4495.0,4122.2,4428.1,1149941,,,,,,,,
AIAENG,2026-05-29,4551.7,4376.5,4503.6,212656,,,,,,,,
AIIL,2026-05-22,533.95,505.2,510.75,240506,,,,,,,,
AIIL,2026-05-25,520.85,493.0,502.85,359183,,,,,,,,
AIIL,2026-05-26,507.8,491.05,494.85,250689,,,,,,,,
AIIL,2026-05-27,516.0,475.5,497.0,978918,,,,,,,,
AIIL,2026-05-29,495.8,472.0,478.75,446188,,,,,,,,
AJANTPHARM,2026-05-22,3164.6,3098.5,3107.5,40208,,,,,,,,
AJANTPHARM,2026-05-25,3137.3,3070.0,3081.5,48670,,,,,,,,
AJANTPHARM,2026-05-26,3123.9,3075.7,3097.1,84040,,,,,,,,
AJANTPHARM,2026-05-27,3120.0,3010.0,3020.8,154397,,,,,,,,
AJANTPHARM,2026-05-29,3060.4,2850.0,2928.9,227318,,,,,,,,
ALKEM,2026-05-22,5530.0,5385.0,5404.5,64842,,,,,,,,
ALKEM,2026-05-25,5485.0,5388.5,5400.5,41636,,,,,,,,
ALKEM,2026-05-26,5422.0,5336.0,5380.0,63451,,,,,,,,
ALKEM,2026-05-27,5521.5,5329.0,5451.5,186374,,,,,,,,
ALKEM,2026-05-29,5789.0,5472.0,5498.0,1404988,,,,,,,,
AMBER,2026-05-22,7631.0,7324.5,7359.0,722523,,,,,,,,
AMBER,2026-05-25,7515.0,7374.5,7461.5,383538,,,,,,,,
AMBER,2026-05-26,7477.5,7286.0,7312.0,312560,,,,,,,,
AMBER,2026-05-27,7549.5,7321.0,7516.0,395563,,,,,,,,
AMBER,2026-05-29,7749.0,7410.0,7615.0,486302,,,,,,,,
AMBUJACEM,2026-05-22,441.0,435.1,436.35,2717748,,,,,,,,
AMBUJACEM,2026-05-25,444.65,437.1,441.95,3029764,,,,,,,,
AMBUJACEM,2026-05-26,455.95,440.6,449.7,4449009,,,,,,,,
AMBUJACEM,2026-05-27,462.0,449.7,459.75,4281809,,,,,,,,
AMBUJACEM,2026-05-29,461.95,445.45,447.85,3804649,,,,,,,,
ANANDRATHI,2026-05-22,3620.0,3570.0,3575.5,97984,,,,,,,,
ANANDRATHI,2026-05-25,3640.0,3580.2,3617.3,191835,,,,,,,,
ANANDRATHI,2026-05-26,3679.8,3575.0,3587.2,232552,,,,,,,,
ANANDRATHI,2026-05-27,3625.0,3550.0,3566.7,151771,,,,,,,,
ANANDRATHI,2026-05-29,3610.0,3430.7,3450.7,2815197,,,,,,,,
ANANTRAJ,2026-05-22,517.65,502.3,503.95,1419443,,,,,,,,
ANANTRAJ,2026-05-25,514.05,506.0,507.5,912547,,,,,,,,
ANANTRAJ,2026-05-26,514.9,502.6,503.8,1070652,,,,,,,,
ANANTRAJ,2026-05-27,510.4,500.0,508.3,897810,,,,,,,,
ANANTRAJ,2026-05-29,528.0,504.0,514.15,3429985,,,,,,,,
ANGELONE,2026-05-22,345.65,335.65,339.35,10307977,,,,,,,,
ANGELONE,2026-05-25,348.7,342.0,346.45,8423076,,,,,,,,
ANGELONE,2026-05-26,351.0,343.0,344.45,6678864,,,,,,,,
ANGELONE,2026-05-27,350.25,335.05,336.95,6777475,,,,,,,,
ANGELONE,2026-05-29,344.0,335.3,337.3,5635640,,,,,,,,
ANTHEM,2026-05-22,783.85,771.35,777.1,326922,,,,,,,,
ANTHEM,2026-05-25,786.4,761.25,765.35,393832,,,,,,,,
ANTHEM,2026-05-26,776.5,760.55,772.25,314251,,,,,,,,
ANTHEM,2026-05-27,776.0,756.0,757.2,206793,,,,,,,,
ANTHEM,2026-05-29,777.0,745.4,759.95,3003554,,,,,,,,
ANURAS,2026-05-22,1387.4,1350.0,1366.1,389512,,,,,,,,
ANURAS,2026-05-25,1390.0,1341.3,1371.1,490980,,,,,,,,
ANURAS,2026-05-26,1384.4,1364.2,1370.3,297868,,,,,,,,
ANURAS,2026-05-27,1384.4,1351.5,1368.0,251608,,,,,,,,
ANURAS,2026-05-29,1368.0,1265.0,1293.9,1019264,,,,,,,,
APARINDS,2026-05-22,13149.0,12725.0,12782.0,67964,,,,,,,,
APARINDS,2026-05-25,13079.0,12412.0,12480.0,93225,,,,,,,,
APARINDS,2026-05-26,12780.0,12460.0,12536.0,73038,,,,,,,,
APARINDS,2026-05-27,13580.0,12545.0,13426.0,241856,,,,,,,,
APARINDS,2026-05-29,13500.0,12760.0,13118.0,338022,,,,,,,,
APLAPOLLO,2026-05-22,1885.0,1845.0,1880.5,285536,,,,,,,,
APLAPOLLO,2026-05-25,1908.9,1875.0,1898.6,622447,,,,,,,,
APLAPOLLO,2026-05-26,1898.0,1859.0,1874.1,1374115,,,,,,,,
APLAPOLLO,2026-05-27,1943.4,1854.0,1867.7,826764,,,,,,,,
APLAPOLLO,2026-05-29,1897.9,1820.0,1831.1,1955412,,,,,,,,
APOLLOHOSP,2026-05-22,8440.5,8255.0,8362.5,564876,,,,,,,,
APOLLOHOSP,2026-05-25,8443.0,8375.0,8404.0,364945,,,,,,,,
APOLLOHOSP,2026-05-26,8434.0,8228.0,8258.5,310581,,,,,,,,
APOLLOHOSP,2026-05-27,8305.0,8170.0,8272.5,293786,,,,,,,,
APOLLOHOSP,2026-05-29,8325.0,8146.0,8176.5,1042419,,,,,,,,
APOLLOTYRE,2026-05-22,374.45,368.85,371.8,850020,,,,,,,,
APOLLOTYRE,2026-05-25,392.9,375.0,388.35,3668821,,,,,,,,
APOLLOTYRE,2026-05-26,399.2,388.1,393.25,2761966,,,,,,,,
APOLLOTYRE,2026-05-27,400.75,392.45,399.75,2572258,,,,,,,,
APOLLOTYRE,2026-05-29,406.0,392.0,394.5,1172571,,,,,,,,
APTUS,2026-05-22,265.3,259.65,260.35,345708,,,,,,,,
APTUS,2026-05-25,267.4,261.75,262.55,525433,,,,,,,,
APTUS,2026-05-26,265.8,259.55,260.2,420157,,,,,,,,
APTUS,2026-05-27,264.0,259.75,262.7,205683,,,,,,,,
APTUS,2026-05-29,268.95,257.45,260.3,553372,,,,,,,,
ARE&M,2026-05-22,828.0,814.3,820.65,245096,,,,,,,,
ARE&M,2026-05-25,897.5,825.2,883.4,7833748,,,,,,,,
ARE&M,2026-05-26,924.3,881.0,889.3,6550754,,,,,,,,
ARE&M,2026-05-27,915.75,875.25,905.95,3012348,,,,,,,,
ARE&M,2026-05-29,924.5,873.1,886.1,1453821,,,,,,,,
ASAHIINDIA,2026-05-22,871.4,850.1,856.05,76988,,,,,,,,
ASAHIINDIA,2026-05-25,866.0,850.2,853.05,43580,,,,,,,,
ASAHIINDIA,2026-05-26,896.9,853.05,891.6,277586,,,,,,,,
ASAHIINDIA,2026-05-27,950.35,892.0,918.55,1075958,,,,,,,,
ASAHIINDIA,2026-05-29,946.25,885.2,902.6,155898,,,,,,,,
ASHOKLEY,2026-05-22,158.74,154.05,158.21,18694921,,,,,,,,
ASHOKLEY,2026-05-25,165.8,160.1,164.08,30680951,,,,,,,,
ASHOKLEY,2026-05-26,164.3,159.73,160.54,24236258,,,,,,,,
ASHOKLEY,2026-05-27,164.1,159.45,163.62,21717793,,,,,,,,
ASHOKLEY,2026-05-29,165.7,154.86,155.44,87249539,,,,,,,,
ASIANPAINT,2026-05-22,2664.7,2600.2,2639.8,1556434,,,,,,,,
ASIANPAINT,2026-05-25,2684.1,2653.2,2657.8,815621,,,,,,,,
ASIANPAINT,2026-05-26,2664.3,2635.9,2647.0,486267,,,,,,,,
ASIANPAINT,2026-05-27,2689.6,2642.0,2671.9,858457,,,,,,,,
ASIANPAINT,2026-05-29,2748.2,2631.6,2671.6,5062328,,,,,,,,
ASTERDM,2026-05-22,769.35,754.0,756.6,507280,,,,,,,,
ASTERDM,2026-05-25,767.6,742.0,746.9,414424,,,,,,,,
ASTERDM,2026-05-26,768.55,745.0,757.6,486972,,,,,,,,
ASTERDM,2026-05-27,760.5,737.15,741.25,309927,,,,,,,,
ASTERDM,2026-05-29,751.45,721.3,728.35,514480,,,,,,,,
ASTRAL,2026-05-22,1548.9,1481.0,1541.7,1094826,,,,,,,,
ASTRAL,2026-05-25,1566.6,1540.5,1552.3,434838,,,,,,,,
ASTRAL,2026-05-26,1590.0,1545.6,1578.8,602697,,,,,,,,
ASTRAL,2026-05-27,1604.9,1569.2,1598.6,477086,,,,,,,,
ASTRAL,2026-05-29,1614.8,1568.2,1578.2,3173296,,,,,,,,
ATGL,2026-05-22,660.0,635.15,652.8,5876309,,,,,,,,
ATGL,2026-05-25,666.9,652.8,659.15,3301936,,,,,,,,
ATGL,2026-05-26,731.4,656.5,713.1,29037457,,,,,,,,
ATGL,2026-05-27,830.0,714.05,808.55,57324845,,,,,,,,
ATGL,2026-05-29,859.85,761.55,773.3,44779830,,,,,,,,
ATHERENERG,2026-05-22,907.95,874.1,883.8,3039687,,,,,,,,
ATHERENERG,2026-05-25,925.0,876.45,921.4,3724909,,,,,,,,
ATHERENERG,2026-05-26,985.0,925.4,950.6,9163908,,,,,,,,
ATHERENERG,2026-05-27,977.5,950.0,955.5,2225467,,,,,,,,
ATHERENERG,2026-05-29,1003.9,947.85,964.1,7558790,,,,,,,,
ATUL,2026-05-22,7110.5,6965.5,7034.5,12919,,,,,,,,
ATUL,2026-05-25,7099.0,7000.0,7039.5,14184,,,,,,,,
ATUL,2026-05-26,7101.0,6972.0,7018.0,20398,,,,,,,,
ATUL,2026-05-27,7088.0,6935.0,7002.5,11464,,,,,,,,
ATUL,2026-05-29,7007.5,6758.5,6855.5,16807,,,,,,,,
AUBANK,2026-05-22,982.0,961.4,977.9,1557252,,,,,,,,
AUBANK,2026-05-25,1007.5,986.1,999.3,1494101,,,,,,,,
AUBANK,2026-05-26,1018.5,997.8,1011.8,2701128,,,,,,,,
AUBANK,2026-05-27,1025.0,1002.2,1005.0,846441,,,,,,,,
AUBANK,2026-05-29,1013.3,971.1,984.7,5062185,,,,,,,,
AUROPHARMA,2026-05-22,1520.0,1445.8,1463.5,3038819,,,,,,,,
AUROPHARMA,2026-05-25,1465.0,1428.0,1454.6,2684468,,,,,,,,
AUROPHARMA,2026-05-26,1467.8,1449.3,1461.2,950593,,,,,,,,
AUROPHARMA,2026-05-27,1473.0,1428.5,1435.9,791921,,,,,,,,
AUROPHARMA,2026-05-29,1453.4,1411.0,1426.4,2434944,,,,,,,,
AWL,2026-05-22,199.89,194.56,195.14,1491497,,,,,,,,
AWL,2026-05-25,198.1,192.33,193.06,1955714,,,,,,,,
AWL,2026-05-26,198.09,192.6,193.06,2723114,,,,,,,,
AWL,2026-05-27,196.3,192.3,193.46,2692167,,,,,,,,
AWL,2026-05-29,195.38,191.1,192.3,2026013,,,,,,,,
AXISBANK,2026-05-22,1288.8,1254.1,1285.4,5016900,,,,,,,,
AXISBANK,2026-05-25,1314.5,1293.9,1311.2,5671455,,,,,,,,
AXISBANK,2026-05-26,1317.0,1291.5,1299.3,6455265,,,,,,,,
AXISBANK,2026-05-27,1314.5,1293.1,1304.1,7243174,,,,,,,,
AXISBANK,2026-05-29,1312.6,1277.4,1286.6,15215715,,,,,,,,
BAJAJ-AUTO,2026-05-22,10753.0,10537.0,10549.5,207805,,,,,,,,
BAJAJ-AUTO,2026-05-25,10770.0,10431.0,10491.0,564521,,,,,,,,
BAJAJ-AUTO,2026-05-26,10641.5,10449.0,10593.0,559535,,,,,,,,
BAJAJ-AUTO,2026-05-27,10834.0,10580.0,10808.5,317630,,,,,,,,
BAJAJ-AUTO,2026-05-29,10750.0,10388.5,10460.0,483158,,,,,,,,
BAJAJFINSV,2026-05-22,1779.0,1757.0,1766.0,392442,,,,,,,,
BAJAJFINSV,2026-05-25,1811.8,1783.0,1807.4,456676,,,,,,,,
BAJAJFINSV,2026-05-26,1812.8,1796.2,1800.7,811184,,,,,,,,
BAJAJFINSV,2026-05-27,1815.5,1794.5,1809.1,339636,,,,,,,,
BAJAJFINSV,2026-05-29,1817.6,1776.9,1783.6,1445842,,,,,,,,
BAJAJHFL,2026-05-22,83.35,82.73,83.07,2191422,,,,,,,,
BAJAJHFL,2026-05-25,83.88,82.91,83.3,4474226,,,,,,,,
BAJAJHFL,2026-05-26,85.9,83.05,85.05,6061034,,,,,,,,
BAJAJHFL,2026-05-27,87.45,84.6,86.02,6149376,,,,,,,,
BAJAJHFL,2026-05-29,86.46,84.77,84.89,3227303,,,,,,,,
BAJAJHLDNG,2026-05-22,10575.0,10370.0,10483.0,29263,,,,,,,,
BAJAJHLDNG,2026-05-25,10741.0,10535.0,10642.0,33285,,,,,,,,
BAJAJHLDNG,2026-05-26,10931.0,10601.0,10705.0,47093,,,,,,,,
BAJAJHLDNG,2026-05-27,10710.0,10500.0,10556.0,30861,,,,,,,,
BAJAJHLDNG,2026-05-29,10620.0,10270.0,10361.0,103855,,,,,,,,
BAJFINANCE,2026-05-22,924.0,908.1,916.55,4811990,,,,,,,,
BAJFINANCE,2026-05-25,944.0,924.45,941.9,7065528,,,,,,,,
BAJFINANCE,2026-05-26,948.4,928.1,930.2,8489543,,,,,,,,
BAJFINANCE,2026-05-27,935.95,923.0,931.15,5349669,,,,,,,,
BAJFINANCE,2026-05-29,937.8,895.3,908.25,46752428,,,,,,,,
BALKRISIND,2026-05-22,2218.0,2202.3,2208.3,42717,,,,,,,,
BALKRISIND,2026-05-25,2248.9,2210.1,2219.1,94164,,,,,,,,
BALKRISIND,2026-05-26,2242.7,2188.0,2202.7,97457,,,,,,,,
BALKRISIND,2026-05-27,2234.0,2187.0,2194.7,56430,,,,,,,,
BALKRISIND,2026-05-29,2351.5,2166.0,2205.5,638688,,,,,,,,
BALRAMCHIN,2026-05-22,541.7,527.05,535.1,445685,,,,,,,,
BALRAMCHIN,2026-05-25,539.95,530.3,532.95,213174,,,,,,,,
BALRAMCHIN,2026-05-26,533.6,527.95,529.65,168536,,,,,,,,
BALRAMCHIN,2026-05-27,537.0,525.3,530.2,545763,,,,,,,,
BALRAMCHIN,2026-05-29,534.2,510.15,514.8,814888,,,,,,,,
BANDHANBNK,2026-05-22,196.87,190.42,194.61,11298203,,,,,,,,
BANDHANBNK,2026-05-25,199.58,195.2,196.97,11447061,,,,,,,,
BANDHANBNK,2026-05-26,203.69,197.0,200.4,18270681,,,,,,,,
BANDHANBNK,2026-05-27,208.26,200.51,205.83,12630859,,,,,,,,
BANDHANBNK,2026-05-29,212.48,205.93,208.3,17292707,,,,,,,,
BANKBARODA,2026-05-22,266.95,262.75,265.4,18828819,,,,,,,,
BANKBARODA,2026-05-25,273.0,267.3,272.25,11731542,,,,,,,,
BANKBARODA,2026-05-26,274.2,269.8,270.55,10164821,,,,,,,,
BANKBARODA,2026-05-27,274.25,269.8,270.95,10007296,,,,,,,,
BANKBARODA,2026-05-29,274.0,267.15,268.5,17624514,,,,,,,,
BANKINDIA,2026-05-22,140.2,139.1,139.92,5789870,,,,,,,,
BANKINDIA,2026-05-25,146.5,141.15,146.01,12177599,,,,,,,,
BANKINDIA,2026-05-26,147.01,144.0,144.99,12544549,,,,,,,,
BANKINDIA,2026-05-27,147.49,145.08,147.0,12172304,,,,,,,,
BANKINDIA,2026-05-29,144.16,139.5,139.91,12099858,,,,,,,,
BATAINDIA,2026-05-22,695.7,686.55,688.2,61955,,,,,,,,
BATAINDIA,2026-05-25,703.5,689.4,696.2,136094,,,,,,,,
BATAINDIA,2026-05-26,704.95,693.0,698.7,79372,,,,,,,,
BATAINDIA,2026-05-27,708.8,690.0,692.6,162268,,,,,,,,
BATAINDIA,2026-05-29,675.95,657.95,668.95,488366,,,,,,,,
BAYERCROP,2026-05-22,4408.1,4306.0,4382.5,12230,,,,,,,,
BAYERCROP,2026-05-25,4445.0,4315.3,4368.8,13507,,,,,,,,
BAYERCROP,2026-05-26,4530.0,4377.0,4500.8,32115,,,,,,,,
BAYERCROP,2026-05-27,4686.8,4581.6,4615.8,80964,,,,,,,,
BAYERCROP,2026-05-29,4670.0,4473.8,4509.5,37890,,,,,,,,
BBTC,2026-05-22,1539.9,1515.0,1533.7,23773,,,,,,,,
BBTC,2026-05-25,1552.0,1522.2,1546.6,28611,,,,,,,,
BBTC,2026-05-26,1550.0,1525.0,1533.2,22613,,,,,,,,
BBTC,2026-05-27,1543.6,1525.5,1536.6,22342,,,,,,,,
BBTC,2026-05-29,1547.8,1488.0,1501.6,31040,,,,,,,,
BDL,2026-05-22,1326.4,1298.6,1312.5,581756,,,,,,,,
BDL,2026-05-25,1331.7,1309.0,1326.1,670808,,,,,,,,
BDL,2026-05-26,1348.0,1323.2,1329.9,701058,,,,,,,,
BDL,2026-05-27,1341.7,1275.2,1282.2,1387167,,,,,,,,
BDL,2026-05-29,1230.0,1175.4,1204.6,7665885,,,,,,,,
BEL,2026-05-22,421.45,415.45,416.55,9175611,,,,,,,,
BEL,2026-05-25,422.55,417.3,421.85,8862027,,,,,,,,
BEL,2026-05-26,425.55,418.85,420.1,12315435,,,,,,,,
BEL,2026-05-27,422.0,416.1,419.1,10871894,,,,,,,,
BEL,2026-05-29,419.1,409.9,410.75,26559872,,,,,,,,
BELRISE,2026-05-22,220.5,213.01,216.36,4247712,,,,,,,,
BELRISE,2026-05-25,217.5,204.6,210.64,12433776,,,,,,,,
BELRISE,2026-05-26,223.5,212.7,217.28,8560113,,,,,,,,
BELRISE,2026-05-27,221.13,217.0,218.13,2931208,,,,,,,,
BELRISE,2026-05-29,220.0,213.68,216.46,4978945,,,,,,,,
BEML,2026-05-22,1858.0,1820.5,1830.3,114793,,,,,,,,
BEML,2026-05-25,1879.9,1814.6,1823.8,322157,,,,,,,,
BEML,2026-05-26,1862.7,1824.5,1844.7,197478,,,,,,,,
BEML,2026-05-27,1874.0,1807.3,1832.6,189834,,,,,,,,
BEML,2026-05-29,1864.0,1693.0,1722.4,976409,,,,,,,,
BERGEPAINT,2026-05-22,505.95,496.35,501.15,315514,,,,,,,,
BERGEPAINT,2026-05-25,511.75,501.8,504.85,222668,,,,,,,,
BERGEPAINT,2026-05-26,519.0,505.0,515.55,377263,,,,,,,,
BERGEPAINT,2026-05-27,527.9,511.05,526.95,250085,,,,,,,,
BERGEPAINT,2026-05-29,530.0,495.0,500.6,659911,,,,,,,,
BHARATFORG,2026-05-22,1916.9,1892.0,1897.7,636410,,,,,,,,
BHARATFORG,2026-05-25,1942.9,1896.3,1918.3,831690,,,,,,,,
BHARATFORG,2026-05-26,1939.9,1908.3,1930.4,1012118,,,,,,,,
BHARATFORG,2026-05-27,1961.0,1916.0,1938.6,561943,,,,,,,,
BHARATFORG,2026-05-29,1967.8,1920.0,1957.2,3127027,,,,,,,,
BHARTIARTL,2026-05-22,1896.6,1869.3,1871.4,5099120,,,,,,,,
BHARTIARTL,2026-05-25,1892.5,1863.1,1874.8,5903841,,,,,,,,
BHARTIARTL,2026-05-26,1874.0,1844.8,1846.9,5803034,,,,,,,,
BHARTIARTL,2026-05-27,1869.4,1840.4,1852.2,8653155,,,,,,,,
BHARTIARTL,2026-05-29,1860.0,1818.5,1829.0,52886264,,,,,,,,
BHARTIHEXA,2026-05-22,1588.3,1535.1,1542.2,72716,,,,,,,,
BHARTIHEXA,2026-05-25,1557.3,1539.3,1547.7,42966,,,,,,,,
BHARTIHEXA,2026-05-26,1563.8,1541.0,1558.0,51938,,,,,,,,
BHARTIHEXA,2026-05-27,1548.9,1525.9,1534.0,48617,,,,,,,,
BHARTIHEXA,2026-05-29,1535.3,1490.0,1495.5,109670,,,,,,,,
BHEL,2026-05-22,413.55,407.1,408.55,7879542,,,,,,,,
BHEL,2026-05-25,420.95,409.95,419.4,11083538,,,,,,,,
BHEL,2026-05-26,420.4,415.25,417.75,9434405,,,,,,,,
BHEL,2026-05-27,424.7,416.5,422.35,10651428,,,,,,,,
BHEL,2026-05-29,424.9,413.05,416.75,18794737,,,,,,,,
BIKAJI,2026-05-22,677.0,644.0,653.2,279993,,,,,,,,
BIKAJI,2026-05-25,658.25,635.05,640.5,171883,,,,,,,,
BIKAJI,2026-05-26,650.9,632.55,638.9,136805,,,,,,,,
BIKAJI,2026-05-27,643.0,632.85,637.8,82913,,,,,,,,
BIKAJI,2026-05-29,655.0,636.8,650.05,434589,,,,,,,,
BIOCON,2026-05-22,433.2,421.75,430.25,3777650,,,,,,,,
BIOCON,2026-05-25,432.5,427.15,430.05,1976858,,,,,,,,
BIOCON,2026-05-26,440.4,429.5,436.15,7107481,,,,,,,,
BIOCON,2026-05-27,438.45,430.3,432.2,2573291,,,,,,,,
BIOCON,2026-05-29,440.0,425.65,428.65,6229370,,,,,,,,
BLS,2026-05-22,274.9,265.65,267.7,1789074,,,,,,,,
BLS,2026-05-25,271.85,267.55,269.05,1396114,,,,,,,,
BLS,2026-05-26,273.8,264.15,265.35,1548473,,,,,,,,
BLS,2026-05-27,266.5,262.35,264.85,933023,,,,,,,,
BLS,2026-05-29,276.0,260.0,260.9,2448859,,,,,,,,
BLUEDART,2026-05-22,4887.0,4835.5,4851.5,7878,,,,,,,,
BLUEDART,2026-05-25,4960.0,4865.0,4886.0,8935,,,,,,,,
BLUEDART,2026-05-26,4914.0,4863.0,4871.5,7245,,,,,,,,
BLUEDART,2026-05-27,4902.5,4750.0,4773.0,14397,,,,,,,,
BLUEDART,2026-05-29,4849.0,4731.5,4741.5,16927,,,,,,,,
BLUEJET,2026-05-22,453.45,438.0,441.05,205277,,,,,,,,
BLUEJET,2026-05-25,485.15,425.55,481.4,4169890,,,,,,,,
BLUEJET,2026-05-26,521.55,477.85,499.55,3316043,,,,,,,,
BLUEJET,2026-05-27,496.85,468.2,470.25,805487,,,,,,,,
BLUEJET,2026-05-29,468.0,445.0,449.35,1391474,,,,,,,,
BLUESTARCO,2026-05-22,1675.8,1654.0,1657.2,146278,,,,,,,,
BLUESTARCO,2026-05-25,1681.8,1642.0,1652.3,241058,,,,,,,,
BLUESTARCO,2026-05-26,1654.9,1610.7,1640.9,529628,,,,,,,,
BLUESTARCO,2026-05-27,1664.9,1630.4,1657.1,225572,,,,,,,,
BLUESTARCO,2026-05-29,1655.1,1581.0,1589.0,685025,,,,,,,,
BOSCHLTD,2026-05-22,36860.0,34825.0,36065.0,93254,,,,,,,,
BOSCHLTD,2026-05-25,36760.0,36200.0,36310.0,21720,,,,,,,,
BOSCHLTD,2026-05-26,36595.0,35735.0,35835.0,21187,,,,,,,,
BOSCHLTD,2026-05-27,36135.0,35850.0,36035.0,14903,,,,,,,,
BOSCHLTD,2026-05-29,37950.0,36290.0,36625.0,168254,,,,,,,,
BPCL,2026-05-22,297.7,291.6,295.6,5366953,,,,,,,,
BPCL,2026-05-25,309.0,304.05,308.25,14530864,,,,,,,,
BPCL,2026-05-26,308.3,302.1,304.6,8611871,,,,,,,,
BPCL,2026-05-27,308.45,302.15,307.15,5948761,,,,,,,,
BPCL,2026-05-29,312.0,290.0,298.1,26387806,,,,,,,,
BRIGADE,2026-05-22,674.9,651.0,672.15,385973,,,,,,,,
BRIGADE,2026-05-25,683.8,668.0,669.55,149059,,,,,,,,
BRIGADE,2026-05-26,681.0,665.3,672.45,159943,,,,,,,,
BRIGADE,2026-05-27,672.9,653.25,659.75,335192,,,,,,,,
BRIGADE,2026-05-29,667.6,645.95,652.35,472781,,,,,,,,
BRITANNIA,2026-05-22,5358.5,5298.0,5331.5,498183,,,,,,,,
BRITANNIA,2026-05-25,5370.0,5309.5,5327.0,284971,,,,,,,,
BRITANNIA,2026-05-26,5356.0,5311.0,5338.0,193734,,,,,,,,
BRITANNIA,2026-05-27,5352.5,5301.0,5335.5,195454,,,,,,,,
BRITANNIA,2026-05-29,5350.0,5164.5,5204.5,1697949,,,,,,,,
BSE,2026-05-22,4232.0,4151.5,4193.8,2489857,,,,,,,,
BSE,2026-05-25,4303.0,4215.0,4291.2,2791628,,,,,,,,
BSE,2026-05-26,4425.0,4295.1,4403.3,3782550,,,,,,,,
BSE,2026-05-27,4446.8,4236.1,4248.4,4332377,,,,,,,,
BSE,2026-05-29,4256.0,4127.9,4146.1,4544243,,,,,,,,
BSOFT,2026-05-22,333.65,318.2,328.2,1185133,,,,,,,,
BSOFT,2026-05-25,337.25,327.35,330.8,803818,,,,,,,,
BSOFT,2026-05-26,332.6,322.9,324.4,568064,,,,,,,,
BSOFT,2026-05-27,329.25,324.55,328.1,359967,,,,,,,,
BSOFT,2026-05-29,333.15,316.5,319.35,1208857,,,,,,,,
CAMS,2026-05-22,771.1,755.1,757.2,1906544,,,,,,,,
CAMS,2026-05-25,781.95,765.15,769.65,1904876,,,,,,,,
CAMS,2026-05-26,780.0,760.0,773.15,995179,,,,,,,,
CAMS,2026-05-27,797.8,773.0,787.0,1557316,,,,,,,,
CAMS,2026-05-29,807.45,780.1,791.5,1797386,,,,,,,,
CANBK,2026-05-22,128.78,127.66,128.23,18634807,,,,,,,,
CANBK,2026-05-25,134.2,130.0,133.7,27988813,,,,,,,,
CANBK,2026-05-26,135.5,132.58,133.15,23285321,,,,,,,,
CANBK,2026-05-27,135.3,133.1,134.16,26115218,,,,,,,,
CANBK,2026-05-29,135.15,130.15,130.8,57212379,,,,,,,,
CANFINHOME,2026-05-22,854.9,838.6,852.65,75633,,,,,,,,
CANFINHOME,2026-05-25,849.8,822.1,838.4,445592,,,,,,,,
CANFINHOME,2026-05-26,849.3,835.35,839.55,153680,,,,,,,,
CANFINHOME,2026-05-27,840.2,828.0,832.95,105466,,,,,,,,
CANFINHOME,2026-05-29,838.0,821.5,829.65,135727,,,,,,,,
CANHLIFE,2026-05-22,140.92,139.0,139.05,180527,,,,,,,,
CANHLIFE,2026-05-25,142.38,139.0,139.52,365991,,,,,,,,
CANHLIFE,2026-05-26,141.09,138.18,140.05,301053,,,,,,,,
CANHLIFE,2026-05-27,140.98,138.07,139.39,548128,,,,,,,,
CANHLIFE,2026-05-29,141.74,135.13,138.04,1776170,,,,,,,,
CAPLIPOINT,2026-05-22,2058.9,2013.0,2028.0,89926,,,,,,,,
CAPLIPOINT,2026-05-25,2092.5,2033.4,2077.9,160356,,,,,,,,
CAPLIPOINT,2026-05-26,2099.0,2030.0,2035.8,109242,,,,,,,,
CAPLIPOINT,2026-05-27,2063.7,2014.6,2023.3,72577,,,,,,,,
CAPLIPOINT,2026-05-29,2086.5,2012.0,2024.5,97307,,,,,,,,
CARBORUNIV,2026-05-22,1085.0,1051.5,1056.85,85230,,,,,,,,
CARBORUNIV,2026-05-25,1073.7,1053.05,1057.4,73452,,,,,,,,
CARBORUNIV,2026-05-26,1068.0,1036.5,1043.35,149933,,,,,,,,
CARBORUNIV,2026-05-27,1051.0,1005.0,1035.0,129301,,,,,,,,
CARBORUNIV,2026-05-29,1082.0,1017.7,1029.05,271476,,,,,,,,
CARTRADE,2026-05-22,1812.0,1770.7,1796.6,266298,,,,,,,,
CARTRADE,2026-05-25,1815.0,1768.6,1789.0,265750,,,,,,,,
CARTRADE,2026-05-26,1838.3,1690.1,1700.4,640958,,,,,,,,
CARTRADE,2026-05-27,1800.0,1700.0,1721.6,929254,,,,,,,,
CARTRADE,2026-05-29,1778.2,1711.0,1735.2,683838,,,,,,,,
CASTROLIND,2026-05-22,182.9,182.0,182.08,498340,,,,,,,,
CASTROLIND,2026-05-25,183.33,182.08,182.75,523846,,,,,,,,
CASTROLIND,2026-05-26,185.85,182.27,184.02,1060367,,,,,,,,
CASTROLIND,2026-05-27,185.95,183.83,185.37,1187394,,,,,,,,
CASTROLIND,2026-05-29,185.05,182.17,183.22,2378162,,,,,,,,
CCL,2026-05-22,1134.0,1055.5,1064.9,629758,,,,,,,,
CCL,2026-05-25,1084.1,1053.1,1059.0,216044,,,,,,,,
CCL,2026-05-26,1069.6,1056.1,1063.9,93029,,,,,,,,
CCL,2026-05-27,1081.9,1045.1,1071.0,191657,,,,,,,,
CCL,2026-05-29,1077.7,1044.9,1053.8,138228,,,,,,,,
CDSL,2026-05-22,1209.8,1197.0,1204.1,1176424,,,,,,,,
CDSL,2026-05-25,1224.0,1212.9,1217.4,1199970,,,,,,,,
CDSL,2026-05-26,1232.4,1212.9,1226.3,1592677,,,,,,,,
CDSL,2026-05-27,1249.8,1229.9,1243.8,1997940,,,,,,,,
CDSL,2026-05-29,1269.3,1236.1,1244.6,2255976,,,,,,,,
CEATLTD,2026-05-22,3278.8,3158.0,3256.6,137504,,,,,,,,
CEATLTD,2026-05-25,3360.0,3289.1,3331.3,157605,,,,,,,,
CEATLTD,2026-05-26,3369.7,3290.0,3298.1,112913,,,,,,,,
CEATLTD,2026-05-27,3356.6,3289.1,3295.3,109286,,,,,,,,
CEATLTD,2026-05-29,3324.9,3206.2,3241.0,123867,,,,,,,,
CEMPRO,2026-05-22,889.9,852.0,862.8,280400,,,,,,,,
CEMPRO,2026-05-25,897.7,869.65,879.95,497210,,,,,,,,
CEMPRO,2026-05-26,963.0,882.0,943.3,2354928,,,,,,,,
CEMPRO,2026-05-27,999.9,932.0,992.95,1383634,,,,,,,,
CEMPRO,2026-05-29,1089.9,992.3,1071.15,2073404,,,,,,,,
CENTRALBK,2026-05-22,32.35,31.21,31.27,117475305,,,,,,,,
CENTRALBK,2026-05-25,31.33,31.11,31.27,34693379,,,,,,,,
CENTRALBK,2026-05-26,31.29,31.0,31.02,21814440,,,,,,,,
CENTRALBK,2026-05-27,31.1,30.52,30.84,22992791,,,,,,,,
CENTRALBK,2026-05-29,31.27,30.61,30.77,18107823,,,,,,,,
CESC,2026-05-22,180.0,175.01,177.22,5770683,,,,,,,,
CESC,2026-05-25,186.49,180.0,185.59,8424081,,,,,,,,
CESC,2026-05-26,187.37,182.07,182.84,2475543,,,,,,,,
CESC,2026-05-27,188.7,183.06,185.87,4700932,,,,,,,,
CESC,2026-05-29,188.32,180.12,182.09,3121806,,,,,,,,
CGCL,2026-05-22,193.33,183.96,190.65,5891090,,,,,,,,
CGCL,2026-05-25,192.99,188.44,189.3,1679289,,,,,,,,
CGCL,2026-05-26,193.65,188.63,190.79,2888070,,,,,,,,
CGCL,2026-05-27,194.5,189.1,189.9,2357825,,,,,,,,
CGCL,2026-05-29,199.47,190.06,198.36,4062438,,,,,,,,
CGPOWER,2026-05-22,873.5,858.0,865.7,2028217,,,,,,,,
CGPOWER,2026-05-25,884.4,864.8,867.9,2222363,,,,,,,,
CGPOWER,2026-05-26,890.0,864.2,879.15,2788855,,,,,,,,
CGPOWER,2026-05-27,938.0,882.0,934.8,9258467,,,,,,,,
CGPOWER,2026-05-29,944.1,910.95,917.45,9449904,,,,,,,,
CHALET,2026-05-22,801.4,789.0,795.05,45646,,,,,,,,
CHALET,2026-05-25,808.5,784.3,794.9,91172,,,,,,,,
CHALET,2026-05-26,807.5,787.0,788.7,82910,,,,,,,,
CHALET,2026-05-27,805.0,782.0,799.9,113268,,,,,,,,
CHALET,2026-05-29,810.0,775.0,784.6,159390,,,,,,,,
CHAMBLFERT,2026-05-22,457.7,445.1,454.7,705520,,,,,,,,
CHAMBLFERT,2026-05-25,469.5,456.1,463.45,1451716,,,,,,,,
CHAMBLFERT,2026-05-26,481.55,461.9,477.95,2803681,,,,,,,,
CHAMBLFERT,2026-05-27,483.0,472.45,478.15,1400265,,,,,,,,
CHAMBLFERT,2026-05-29,481.95,463.0,466.4,1003197,,,,,,,,
CHENNPETRO,2026-05-22,1024.8,1011.9,1016.6,344964,,,,,,,,
CHENNPETRO,2026-05-25,1043.4,1021.6,1030.6,523407,,,,,,,,
CHENNPETRO,2026-05-26,1042.4,1018.0,1019.8,345764,,,,,,,,
CHENNPETRO,2026-05-27,1064.8,1014.0,1053.1,1253123,,,,,,,,
CHENNPETRO,2026-05-29,1070.0,1045.0,1058.2,689112,,,,,,,,
CHOICEIN,2026-05-22,680.9,669.2,676.75,426951,,,,,,,,
CHOICEIN,2026-05-25,693.4,679.5,689.3,655675,,,,,,,,
CHOICEIN,2026-05-26,696.0,685.35,687.6,346903,,,,,,,,
CHOICEIN,2026-05-27,692.0,683.05,685.75,289327,,,,,,,,
CHOICEIN,2026-05-29,686.95,665.95,672.3,513983,,,,,,,,
CHOLAFIN,2026-05-22,1548.0,1503.0,1539.8,1287931,,,,,,,,
CHOLAFIN,2026-05-25,1600.0,1548.5,1591.0,1668255,,,,,,,,
CHOLAFIN,2026-05-26,1598.9,1562.2,1567.3,866674,,,,,,,,
CHOLAFIN,2026-05-27,1587.0,1555.3,1579.2,557092,,,,,,,,
CHOLAFIN,2026-05-29,1629.9,1530.2,1537.7,2265673,,,,,,,,
CHOLAHLDNG,2026-05-22,1624.0,1585.0,1598.4,83502,,,,,,,,
CHOLAHLDNG,2026-05-25,1664.1,1600.1,1624.7,141907,,,,,,,,
CHOLAHLDNG,2026-05-26,1672.0,1625.0,1652.3,83673,,,,,,,,
CHOLAHLDNG,2026-05-27,1664.9,1600.0,1636.9,138602,,,,,,,,
CHOLAHLDNG,2026-05-29,1644.4,1561.3,1582.0,200641,,,,,,,,
CIEINDIA,2026-05-22,467.9,449.7,451.15,295149,,,,,,,,
CIEINDIA,2026-05-25,465.0,453.95,461.45,331778,,,,,,,,
CIEINDIA,2026-05-26,468.0,455.5,457.2,374800,,,,,,,,
CIEINDIA,2026-05-27,461.0,455.0,457.75,163980,,,,,,,,
CIEINDIA,2026-05-29,457.75,442.15,446.45,294695,,,,,,,,
CIPLA,2026-05-22,1409.6,1392.0,1399.2,917323,,,,,,,,
CIPLA,2026-05-25,1420.0,1398.5,1413.9,668915,,,,,,,,
CIPLA,2026-05-26,1422.6,1409.6,1417.5,1132793,,,,,,,,
CIPLA,2026-05-27,1432.0,1416.0,1418.2,937447,,,,,,,,
CIPLA,2026-05-29,1429.2,1382.7,1401.0,9540984,,,,,,,,
CLEAN,2026-05-22,765.0,752.0,756.7,93660,,,,,,,,
CLEAN,2026-05-25,763.85,743.0,745.45,303492,,,,,,,,
CLEAN,2026-05-26,767.2,742.15,747.3,262323,,,,,,,,
CLEAN,2026-05-27,761.8,746.95,756.55,109104,,,,,,,,
CLEAN,2026-05-29,817.6,757.0,797.5,1562925,,,,,,,,
COALINDIA,2026-05-22,462.85,456.0,456.55,9201635,,,,,,,,
COALINDIA,2026-05-25,462.55,456.0,458.0,8441223,,,,,,,,
COALINDIA,2026-05-26,475.65,455.0,458.15,17073323,,,,,,,,
COALINDIA,2026-05-27,468.3,428.4,463.05,117042535,,,,,,,,
COALINDIA,2026-05-29,474.0,455.9,457.9,97895486,,,,,,,,
COCHINSHIP,2026-05-22,1548.2,1526.5,1532.1,672415,,,,,,,,
COCHINSHIP,2026-05-25,1557.0,1523.9,1529.0,740059,,,,,,,,
COCHINSHIP,2026-05-26,1556.0,1510.0,1526.2,975462,,,,,,,,
COCHINSHIP,2026-05-27,1553.1,1512.1,1523.9,1127361,,,,,,,,
COCHINSHIP,2026-05-29,1530.6,1455.5,1467.4,1596837,,,,,,,,
COFORGE,2026-05-22,1401.9,1369.7,1387.1,2494600,,,,,,,,
COFORGE,2026-05-25,1415.2,1376.6,1398.0,1369562,,,,,,,,
COFORGE,2026-05-26,1428.4,1395.1,1422.8,1780000,,,,,,,,
COFORGE,2026-05-27,1433.4,1382.2,1388.4,1709429,,,,,,,,
COFORGE,2026-05-29,1449.8,1405.5,1421.8,3533060,,,,,,,,
COHANCE,2026-05-22,424.0,416.6,418.55,461210,,,,,,,,
COHANCE,2026-05-25,440.0,422.0,434.85,1431260,,,,,,,,
COHANCE,2026-05-26,444.75,431.85,434.9,660394,,,,,,,,
COHANCE,2026-05-27,437.8,427.45,428.75,327873,,,,,,,,
COHANCE,2026-05-29,435.0,427.2,431.5,609209,,,,,,,,
COLPAL,2026-05-22,2173.5,2130.5,2156.9,204566,,,,,,,,
COLPAL,2026-05-25,2195.7,2080.6,2097.0,1433773,,,,,,,,
COLPAL,2026-05-26,2106.9,2051.2,2077.1,932673,,,,,,,,
COLPAL,2026-05-27,2099.3,2070.2,2087.4,199944,,,,,,,,
COLPAL,2026-05-29,2108.9,2050.4,2059.9,1193673,,,,,,,,
CONCOR,2026-05-22,511.15,505.0,505.9,643269,,,,,,,,
CONCOR,2026-05-25,513.5,506.9,512.05,720289,,,,,,,,
CONCOR,2026-05-26,494.9,472.6,475.9,9180116,,,,,,,,
CONCOR,2026-05-27,480.85,470.3,472.3,3621683,,,,,,,,
CONCOR,2026-05-29,477.65,460.15,463.65,2702698,,,,,,,,
CONCORDBIO,2026-05-22,1176.9,1116.1,1153.3,199688,,,,,,,,
CONCORDBIO,2026-05-25,1180.0,1130.0,1131.9,104877,,,,,,,,
CONCORDBIO,2026-05-26,1144.0,1131.0,1138.8,58229,,,,,,,,
CONCORDBIO,2026-05-27,1145.5,1096.2,1099.6,137624,,,,,,,,
CONCORDBIO,2026-05-29,1123.6,1040.3,1051.2,335959,,,,,,,,
COROMANDEL,2026-05-22,1889.0,1803.8,1819.4,556925,,,,,,,,
COROMANDEL,2026-05-25,1854.1,1817.6,1841.5,468484,,,,,,,,
COROMANDEL,2026-05-26,1860.0,1838.0,1846.8,135492,,,,,,,,
COROMANDEL,2026-05-27,1885.9,1824.0,1831.7,374108,,,,,,,,
COROMANDEL,2026-05-29,1848.9,1720.2,1753.6,1123484,,,,,,,,
CPPLUS,2026-05-22,2456.5,2405.3,2416.0,85384,,,,,,,,
CPPLUS,2026-05-25,2602.0,2442.2,2556.1,530738,,,,,,,,
CPPLUS,2026-05-26,2720.0,2569.0,2648.7,392303,,,,,,,,
CPPLUS,2026-05-27,2737.0,2626.5,2639.6,312747,,,,,,,,
CPPLUS,2026-05-29,2903.5,2821.1,2903.5,905751,,,,,,,,
CRAFTSMAN,2026-05-22,8774.0,8425.0,8702.0,45785,,,,,,,,
CRAFTSMAN,2026-05-25,8919.0,8625.5,8692.5,33663,,,,,,,,
CRAFTSMAN,2026-05-26,8843.0,8622.0,8667.5,24446,,,,,,,,
CRAFTSMAN,2026-05-27,8787.5,8570.5,8688.5,31339,,,,,,,,
CRAFTSMAN,2026-05-29,9259.0,8748.5,9074.0,135231,,,,,,,,
CREDITACC,2026-05-22,1299.2,1271.0,1274.6,78289,,,,,,,,
CREDITACC,2026-05-25,1325.0,1284.7,1303.8,298522,,,,,,,,
CREDITACC,2026-05-26,1322.6,1295.8,1298.3,101487,,,,,,,,
CREDITACC,2026-05-27,1308.8,1270.0,1288.4,652276,,,,,,,,
CREDITACC,2026-05-29,1328.7,1290.7,1295.5,214487,,,,,,,,
CRISIL,2026-05-22,4181.5,4071.5,4085.5,33707,,,,,,,,
CRISIL,2026-05-25,4121.0,4001.0,4026.7,39609,,,,,,,,
CRISIL,2026-05-26,4066.7,4008.1,4015.7,32110,,,,,,,,
CRISIL,2026-05-27,4039.7,3976.3,3987.3,34579,,,,,,,,
CRISIL,2026-05-29,4015.3,3907.5,3948.4,43652,,,,,,,,
CROMPTON,2026-05-22,299.9,291.0,294.75,2218686,,,,,,,,
CROMPTON,2026-05-25,298.25,292.55,293.5,1618146,,,,,,,,
CROMPTON,2026-05-26,293.6,288.0,289.05,1511338,,,,,,,,
CROMPTON,2026-05-27,290.95,287.75,288.25,793176,,,,,,,,
CROMPTON,2026-05-29,292.6,272.3,281.15,2676816,,,,,,,,
CUB,2026-05-22,254.6,247.6,248.55,731177,,,,,,,,
CUB,2026-05-25,253.05,249.2,249.9,897950,,,,,,,,
CUB,2026-05-26,256.8,249.9,254.1,1814654,,,,,,,,
CUB,2026-05-27,255.65,250.85,253.85,872260,,,,,,,,
CUB,2026-05-29,258.35,253.8,255.45,1373425,,,,,,,,
CUMMINSIND,2026-05-22,5419.0,5335.5,5353.0,230767,,,,,,,,
CUMMINSIND,2026-05-25,5419.5,5337.5,5382.0,284889,,,,,,,,
CUMMINSIND,2026-05-26,5442.0,5359.0,5418.5,304814,,,,,,,,
CUMMINSIND,2026-05-27,6099.0,5402.5,6027.5,1722262,,,,,,,,
CUMMINSIND,2026-05-29,6100.0,5855.5,5881.0,2020815,,,,,,,,
CYIENT,2026-05-22,911.0,890.55,901.7,235998,,,,,,,,
CYIENT,2026-05-25,925.0,902.65,918.05,365567,,,,,,,,
CYIENT,2026-05-26,932.0,917.2,925.55,336958,,,,,,,,
CYIENT,2026-05-27,927.3,915.25,917.5,153501,,,,,,,,
CYIENT,2026-05-29,927.6,885.7,908.25,407322,,,,,,,,
DABUR,2026-05-22,454.65,445.7,451.05,970954,,,,,,,,
DABUR,2026-05-25,455.75,446.25,447.2,879387,,,,,,,,
DABUR,2026-05-26,449.1,445.2,447.6,1154362,,,,,,,,
DABUR,2026-05-27,447.0,440.3,445.45,1295057,,,,,,,,
DABUR,2026-05-29,455.0,440.1,443.4,13072946,,,,,,,,
DALBHARAT,2026-05-22,1807.0,1767.2,1795.6,583886,,,,,,,,
DALBHARAT,2026-05-25,1844.4,1793.0,1822.6,332543,,,,,,,,
DALBHARAT,2026-05-26,1822.6,1781.6,1785.6,291712,,,,,,,,
DALBHARAT,2026-05-27,1804.4,1783.4,1792.1,127054,,,,,,,,
DALBHARAT,2026-05-29,1807.0,1739.0,1748.2,247902,,,,,,,,
DATAPATTNS,2026-05-22,4084.5,3944.0,3969.7,1026747,,,,,,,,
DATAPATTNS,2026-05-25,4148.0,3970.0,4096.0,1081059,,,,,,,,
DATAPATTNS,2026-05-26,4147.0,4060.0,4101.7,556839,,,,,,,,
DATAPATTNS,2026-05-27,4212.0,4110.0,4139.2,636187,,,,,,,,
DATAPATTNS,2026-05-29,4249.0,4010.0,4043.1,995093,,,,,,,,
DCMSHRIRAM,2026-05-22,1128.7,1102.7,1111.9,37923,,,,,,,,
DCMSHRIRAM,2026-05-25,1121.9,1085.0,1090.3,60234,,,,,,,,
DCMSHRIRAM,2026-05-26,1107.0,1084.1,1087.9,28205,,,,,,,,
DCMSHRIRAM,2026-05-27,1108.5,1073.0,1079.3,21429,,,,,,,,
DCMSHRIRAM,2026-05-29,1093.5,1022.1,1036.7,66430,,,,,,,,
DEEPAKFERT,2026-05-22,1485.0,1386.9,1473.9,2212392,,,,,,,,
DEEPAKFERT,2026-05-25,1503.4,1445.4,1456.5,477375,,,,,,,,
DEEPAKFERT,2026-05-26,1483.4,1443.0,1448.7,330537,,,,,,,,
DEEPAKFERT,2026-05-27,1466.8,1439.0,1448.3,212341,,,,,,,,
DEEPAKFERT,2026-05-29,1458.8,1344.2,1410.1,828721,,,,,,,,
DEEPAKNTR,2026-05-22,1820.0,1733.0,1739.8,215366,,,,,,,,
DEEPAKNTR,2026-05-25,1764.2,1740.1,1745.9,101746,,,,,,,,
DEEPAKNTR,2026-05-26,1758.8,1722.8,1727.1,107415,,,,,,,,
DEEPAKNTR,2026-05-27,1740.0,1696.0,1714.8,142911,,,,,,,,
DEEPAKNTR,2026-05-29,1732.8,1656.3,1682.0,188681,,,,,,,,
DELHIVERY,2026-05-22,456.6,445.85,447.6,1584002,,,,,,,,
DELHIVERY,2026-05-25,460.2,449.1,455.45,3126164,,,,,,,,
DELHIVERY,2026-05-26,465.95,453.35,463.5,2650245,,,,,,,,
DELHIVERY,2026-05-27,469.4,458.75,459.75,1037299,,,,,,,,
DELHIVERY,2026-05-29,464.0,450.1,452.35,1986258,,,,,,,,
DEVYANI,2026-05-22,115.98,113.15,114.4,562427,,,,,,,,
DEVYANI,2026-05-25,117.23,114.55,116.04,643049,,,,,,,,
DEVYANI,2026-05-26,117.5,115.82,116.39,753151,,,,,,,,
DEVYANI,2026-05-27,118.39,115.7,117.16,989931,,,,,,,,
DEVYANI,2026-05-29,118.1,114.82,115.36,883629,,,,,,,,
DIVISLAB,2026-05-22,6960.5,6790.0,6887.0,354149,,,,,,,,
DIVISLAB,2026-05-25,6945.0,6690.0,6756.5,874049,,,,,,,,
DIVISLAB,2026-05-26,6805.0,6661.0,6753.0,309440,,,,,,,,
DIVISLAB,2026-05-27,6855.5,6726.0,6797.5,155051,,,,,,,,
DIVISLAB,2026-05-29,6849.0,6590.0,6667.0,612037,,,,,,,,
DIXON,2026-05-22,11860.0,11261.0,11722.0,1362732,,,,,,,,
DIXON,2026-05-25,11888.0,11602.0,11824.0,578594,,,,,,,,
DIXON,2026-05-26,11829.0,11620.0,11673.0,311771,,,,,,,,
DIXON,2026-05-27,11925.0,11641.0,11756.0,371444,,,,,,,,
DIXON,2026-05-29,11831.0,11480.0,11524.0,498590,,,,,,,,
DLF,2026-05-22,594.0,584.1,586.7,1895533,,,,,,,,
DLF,2026-05-25,596.4,589.15,592.3,2007544,,,,,,,,
DLF,2026-05-26,596.75,587.1,589.8,2572405,,,,,,,,
DLF,2026-05-27,600.65,590.05,593.9,1918632,,,,,,,,
DLF,2026-05-29,607.9,586.55,590.6,16165925,,,,,,,,
DMART,2026-05-22,4159.0,4103.6,4117.0,207036,,,,,,,,
DMART,2026-05-25,4154.9,4077.6,4097.2,284287,,,,,,,,
DMART,2026-05-26,4119.8,4059.9,4103.6,479388,,,,,,,,
DMART,2026-05-27,4144.2,4068.7,4124.4,229900,,,,,,,,
DMART,2026-05-29,4149.9,4000.1,4054.5,2177691,,,,,,,,
DOMS,2026-05-22,2254.7,2199.2,2203.9,48100,,,,,,,,
DOMS,2026-05-25,2231.0,2194.0,2205.0,31369,,,,,,,,
DOMS,2026-05-26,2223.7,2190.0,2202.7,21908,,,,,,,,
DOMS,2026-05-27,2224.0,2190.0,2209.4,18330,,,,,,,,
DOMS,2026-05-29,2219.9,2180.0,2185.1,24120,,,,,,,,
DRREDDY,2026-05-22,1329.6,1305.1,1307.2,2002451,,,,,,,,
DRREDDY,2026-05-25,1340.5,1298.7,1331.4,4659781,,,,,,,,
DRREDDY,2026-05-26,1341.0,1321.6,1327.9,1909354,,,,,,,,
DRREDDY,2026-05-27,1346.8,1316.7,1319.0,959327,,,,,,,,
DRREDDY,2026-05-29,1328.6,1297.5,1303.5,5424483,,,,,,,,
ECLERX,2026-05-22,1585.9,1529.1,1577.7,211283,,,,,,,,
ECLERX,2026-05-25,1621.0,1570.6,1588.1,242118,,,,,,,,
ECLERX,2026-05-26,1604.0,1554.5,1567.3,165942,,,,,,,,
ECLERX,2026-05-27,1575.0,1529.8,1540.9,133040,,,,,,,,
ECLERX,2026-05-29,1556.4,1489.0,1507.8,186077,,,,,,,,
EICHERMOT,2026-05-22,7041.0,6908.5,6981.5,512596,,,,,,,,
EICHERMOT,2026-05-25,7432.0,7215.0,7414.0,1354536,,,,,,,,
EICHERMOT,2026-05-26,7441.0,7355.0,7376.0,388413,,,,,,,,
EICHERMOT,2026-05-27,7429.0,7315.0,7419.0,283327,,,,,,,,
EICHERMOT,2026-05-29,7440.5,7131.5,7177.0,1464680,,,,,,,,
EIDPARRY,2026-05-22,791.85,775.2,778.95,126049,,,,,,,,
EIDPARRY,2026-05-25,794.0,781.4,789.85,112672,,,,,,,,
EIDPARRY,2026-05-26,803.5,759.1,764.55,1037624,,,,,,,,
EIDPARRY,2026-05-27,768.3,742.0,743.4,504839,,,,,,,,
EIDPARRY,2026-05-29,768.5,744.0,755.4,447536,,,,,,,,
EIHOTEL,2026-05-22,321.1,317.75,318.8,44165,,,,,,,,
EIHOTEL,2026-05-25,324.45,317.8,321.05,155806,,,,,,,,
EIHOTEL,2026-05-26,324.0,318.5,319.9,92976,,,,,,,,
EIHOTEL,2026-05-27,319.0,312.15,313.2,131398,,,,,,,,
EIHOTEL,2026-05-29,317.0,289.0,296.2,980990,,,,,,,,
ELECON,2026-05-22,539.5,508.0,533.25,3521385,,,,,,,,
ELECON,2026-05-25,550.0,527.85,547.4,876345,,,,,,,,
ELECON,2026-05-26,547.0,523.0,525.15,513373,,,,,,,,
ELECON,2026-05-27,539.7,525.15,532.7,354129,,,,,,,,
ELECON,2026-05-29,537.15,506.35,510.0,792179,,,,,,,,
ELGIEQUIP,2026-05-22,568.15,557.2,560.15,210810,,,,,,,,
ELGIEQUIP,2026-05-25,573.0,561.0,567.9,289333,,,,,,,,
ELGIEQUIP,2026-05-26,572.0,560.5,563.0,184542,,,,,,,,
ELGIEQUIP,2026-05-27,589.0,559.8,577.9,1232509,,,,,,,,
ELGIEQUIP,2026-05-29,633.85,567.3,573.45,6614154,,,,,,,,
EMAMILTD,2026-05-22,414.6,401.75,402.9,1160408,,,,,,,,
EMAMILTD,2026-05-25,409.0,402.1,404.05,265338,,,,,,,,
EMAMILTD,2026-05-26,407.45,401.3,403.9,253887,,,,,,,,
EMAMILTD,2026-05-27,405.0,400.1,400.45,222476,,,,,,,,
EMAMILTD,2026-05-29,404.0,393.3,399.1,1065444,,,,,,,,
EMCURE,2026-05-22,1752.7,1705.2,1713.6,70086,,,,,,,,
EMCURE,2026-05-25,1740.9,1705.0,1738.3,75783,,,,,,,,
EMCURE,2026-05-26,1756.0,1692.2,1698.5,107691,,,,,,,,
EMCURE,2026-05-27,1730.7,1676.5,1725.3,145703,,,,,,,,
EMCURE,2026-05-29,1750.0,1675.0,1696.0,230123,,,,,,,,
EMMVEE,2026-05-22,266.1,259.5,264.3,1832702,,,,,,,,
EMMVEE,2026-05-25,290.7,265.25,290.25,11654366,,,,,,,,
EMMVEE,2026-05-26,302.5,292.15,295.45,6324263,,,,,,,,
EMMVEE,2026-05-27,314.9,296.0,312.1,7233240,,,,,,,,
EMMVEE,2026-05-29,329.95,313.5,325.3,14721141,,,,,,,,
ENDURANCE,2026-05-22,2756.6,2620.0,2721.8,377211,,,,,,,,
ENDURANCE,2026-05-25,2811.0,2748.2,2801.2,198009,,,,,,,,
ENDURANCE,2026-05-26,2811.5,2713.0,2732.9,109123,,,,,,,,
ENDURANCE,2026-05-27,2771.6,2717.6,2749.5,60006,,,,,,,,
ENDURANCE,2026-05-29,2758.6,2715.0,2722.6,110739,,,,,,,,
ENGINERSIN,2026-05-22,225.55,213.0,216.0,19341960,,,,,,,,
ENGINERSIN,2026-05-25,229.45,216.65,228.6,8741247,,,,,,,,
ENGINERSIN,2026-05-26,236.8,226.8,230.5,4080935,,,,,,,,
ENGINERSIN,2026-05-27,241.0,231.25,234.4,4636808,,,,,,,,
ENGINERSIN,2026-05-29,240.75,230.0,231.7,3177009,,,,,,,,
ENRIN,2026-05-22,3585.0,3479.3,3508.3,421025,,,,,,,,
ENRIN,2026-05-25,3640.0,3425.0,3559.6,519128,,,,,,,,
ENRIN,2026-05-26,3593.0,3452.0,3462.6,876471,,,,,,,,
ENRIN,2026-05-27,3821.0,3470.0,3766.1,1961116,,,,,,,,
ENRIN,2026-05-29,3968.0,3809.0,3872.1,2387595,,,,,,,,
ERIS,2026-05-22,1397.9,1341.1,1343.8,129472,,,,,,,,
ERIS,2026-05-25,1358.0,1339.2,1353.5,63907,,,,,,,,
ERIS,2026-05-26,1370.0,1323.1,1361.4,105765,,,,,,,,
ERIS,2026-05-27,1374.9,1350.0,1350.8,37418,,,,,,,,
ERIS,2026-05-29,1403.0,1350.8,1399.0,174852,,,,,,,,
ESCORTS,2026-05-22,2946.8,2893.2,2931.4,94066,,,,,,,,
ESCORTS,2026-05-25,2985.0,2940.5,2976.5,67529,,,,,,,,
ESCORTS,2026-05-26,3042.7,2931.0,2939.6,138775,,,,,,,,
ESCORTS,2026-05-27,2964.6,2875.1,2880.4,130340,,,,,,,,
ESCORTS,2026-05-29,2921.8,2750.0,2859.8,805789,,,,,,,,
ETERNAL,2026-05-22,245.8,241.21,241.95,23537777,,,,,,,,
ETERNAL,2026-05-25,249.35,244.0,247.67,20066077,,,,,,,,
ETERNAL,2026-05-26,253.04,245.8,250.17,24447430,,,,,,,,
ETERNAL,2026-05-27,258.88,251.09,256.51,36661755,,,,,,,,
ETERNAL,2026-05-29,257.1,249.41,250.58,51989116,,,,,,,,
EXIDEIND,2026-05-22,342.6,338.1,339.75,1303386,,,,,,,,
EXIDEIND,2026-05-25,349.0,340.7,346.25,1597876,,,,,,,,
EXIDEIND,2026-05-26,368.0,347.25,366.25,7351528,,,,,,,,
EXIDEIND,2026-05-27,397.4,364.15,394.15,24044078,,,,,,,,
EXIDEIND,2026-05-29,397.55,384.75,386.5,5242497,,,,,,,,
FACT,2026-05-22,898.45,868.05,879.25,312974,,,,,,,,
FACT,2026-05-25,895.0,876.25,883.05,127711,,,,,,,,
FACT,2026-05-26,914.0,882.0,903.4,432913,,,,,,,,
FACT,2026-05-27,938.4,904.5,923.4,742331,,,,,,,,
FACT,2026-05-29,927.95,850.05,875.65,768163,,,,,,,,
FEDERALBNK,2026-05-22,288.4,283.2,287.2,6756952,,,,,,,,
FEDERALBNK,2026-05-25,292.5,286.8,289.25,9346757,,,,,,,,
FEDERALBNK,2026-05-26,293.35,288.65,290.2,10983670,,,,,,,,
FEDERALBNK,2026-05-27,293.0,287.85,288.9,3869975,,,,,,,,
FEDERALBNK,2026-05-29,293.9,283.6,288.95,239376091,,,,,,,,
FINCABLES,2026-05-22,1053.85,1029.35,1031.2,266896,,,,,,,,
FINCABLES,2026-05-25,1108.25,1041.5,1068.9,1331551,,,,,,,,
FINCABLES,2026-05-26,1090.45,1066.35,1086.15,381835,,,,,,,,
FINCABLES,2026-05-27,1184.8,1090.5,1177.25,1972063,,,,,,,,
FINCABLES,2026-05-29,1165.0,1126.45,1136.3,870200,,,,,,,,
FIRSTCRY,2026-05-22,238.7,231.65,234.9,1412799,,,,,,,,
FIRSTCRY,2026-05-25,237.5,231.73,232.89,768967,,,,,,,,
FIRSTCRY,2026-05-26,238.59,232.89,237.11,1326455,,,,,,,,
FIRSTCRY,2026-05-27,245.0,221.0,229.53,13204357,,,,,,,,
FIRSTCRY,2026-05-29,234.0,224.1,225.49,1380558,,,,,,,,
FIVESTAR,2026-05-22,448.9,441.15,445.6,203313,,,,,,,,
FIVESTAR,2026-05-25,458.0,445.8,456.1,428491,,,,,,,,
FIVESTAR,2026-05-26,469.3,449.85,455.15,477183,,,,,,,,
FIVESTAR,2026-05-27,457.55,450.05,454.45,219692,,,,,,,,
FIVESTAR,2026-05-29,455.95,413.55,445.15,1350826,,,,,,,,
FLUOROCHEM,2026-05-22,3850.0,3790.2,3834.0,143553,,,,,,,,
FLUOROCHEM,2026-05-25,3874.9,3806.2,3832.4,61989,,,,,,,,
FLUOROCHEM,2026-05-26,3868.9,3760.6,3784.2,71471,,,,,,,,
FLUOROCHEM,2026-05-27,3707.0,3566.0,3682.1,326228,,,,,,,,
FLUOROCHEM,2026-05-29,3698.0,3550.0,3629.0,328021,,,,,,,,
FORCEMOT,2026-05-22,20454.0,19252.0,19878.0,159448,,,,,,,,
FORCEMOT,2026-05-25,20850.0,20078.0,20214.0,144409,,,,,,,,
FORCEMOT,2026-05-26,20300.0,19692.0,19833.0,78890,,,,,,,,
FORCEMOT,2026-05-27,20026.0,19670.0,19864.0,63880,,,,,,,,
FORCEMOT,2026-05-29,20098.0,19283.0,19473.0,64016,,,,,,,,
FORTIS,2026-05-22,975.0,949.2,960.4,1268964,,,,,,,,
FORTIS,2026-05-25,984.4,963.1,970.35,1795872,,,,,,,,
FORTIS,2026-05-26,974.55,956.05,966.6,905554,,,,,,,,
FORTIS,2026-05-27,970.9,953.95,960.9,567070,,,,,,,,
FORTIS,2026-05-29,967.3,920.0,928.45,3005046,,,,,,,,
FSL,2026-05-22,272.0,251.0,268.6,6791378,,,,,,,,
FSL,2026-05-25,282.05,266.02,280.29,5975700,,,,,,,,
FSL,2026-05-26,281.09,273.55,277.72,3694936,,,,,,,,
FSL,2026-05-27,276.34,263.17,264.97,2606791,,,,,,,,
FSL,2026-05-29,267.33,260.0,262.73,2166762,,,,,,,,
GABRIEL,2026-05-22,1127.5,1091.3,1120.0,164079,,,,,,,,
GABRIEL,2026-05-25,1144.5,1121.6,1127.0,223039,,,,,,,,
GABRIEL,2026-05-26,1137.0,1095.6,1097.9,149739,,,,,,,,
GABRIEL,2026-05-27,1149.8,1098.0,1129.3,265196,,,,,,,,
GABRIEL,2026-05-29,1140.6,1091.0,1100.1,885161,,,,,,,,
GAIL,2026-05-22,162.7,151.41,160.77,19157978,,,,,,,,
GAIL,2026-05-25,170.7,162.7,168.67,36426464,,,,,,,,
GAIL,2026-05-26,169.82,166.3,167.63,16425185,,,,,,,,
GAIL,2026-05-27,169.65,167.21,169.0,5523561,,,,,,,,
GAIL,2026-05-29,170.0,163.4,164.51,26119462,,,,,,,,
GALLANTT,2026-05-22,699.55,652.05,690.0,584344,,,,,,,,
GALLANTT,2026-05-25,714.9,696.05,699.5,188033,,,,,,,,
GALLANTT,2026-05-26,715.0,685.5,689.75,117687,,,,,,,,
GALLANTT,2026-05-27,700.45,686.5,689.4,82678,,,,,,,,
GALLANTT,2026-05-29,698.95,665.0,669.45,129328,,,,,,,,
GESHIP,2026-05-22,1733.4,1655.0,1666.1,732563,,,,,,,,
GESHIP,2026-05-25,1708.0,1630.6,1648.6,953112,,,,,,,,
GESHIP,2026-05-26,1695.0,1638.8,1650.7,640280,,,,,,,,
GESHIP,2026-05-27,1650.0,1502.0,1511.3,1842803,,,,,,,,
GESHIP,2026-05-29,1526.3,1410.0,1418.9,2447379,,,,,,,,
GICRE,2026-05-22,389.45,380.0,381.45,324371,,,,,,,,
GICRE,2026-05-25,395.0,382.15,391.4,297361,,,,,,,,
GICRE,2026-05-26,399.0,389.7,393.45,473896,,,,,,,,
GICRE,2026-05-27,402.0,389.05,390.6,488307,,,,,,,,
GICRE,2026-05-29,392.0,378.6,381.25,292956,,,,,,,,
GILLETTE,2026-05-22,7819.0,7601.5,7783.5,47481,,,,,,,,
GILLETTE,2026-05-25,7900.0,7784.0,7807.5,20033,,,,,,,,
GILLETTE,2026-05-26,7997.5,7827.0,7891.0,31343,,,,,,,,
GILLETTE,2026-05-27,8433.5,7914.5,8273.5,204355,,,,,,,,
GILLETTE,2026-05-29,8330.5,7938.0,8016.5,36719,,,,,,,,
GLAND,2026-05-22,2363.5,2307.2,2334.0,864270,,,,,,,,
GLAND,2026-05-25,2396.0,2321.1,2333.8,506198,,,,,,,,
GLAND,2026-05-26,2354.7,2252.1,2307.9,874160,,,,,,,,
GLAND,2026-05-27,2354.7,2309.2,2313.0,224401,,,,,,,,
GLAND,2026-05-29,2337.5,2230.0,2250.0,218609,,,,,,,,
GLAXO,2026-05-22,2344.0,2297.0,2306.9,185269,,,,,,,,
GLAXO,2026-05-25,2341.0,2297.0,2300.1,111490,,,,,,,,
GLAXO,2026-05-26,2314.4,2278.1,2282.4,155905,,,,,,,,
GLAXO,2026-05-27,2315.9,2283.2,2296.2,179567,,,,,,,,
GLAXO,2026-05-29,2267.0,2194.4,2210.2,304042,,,,,,,,
GLENMARK,2026-05-22,2413.9,2226.3,2259.1,1593969,,,,,,,,
GLENMARK,2026-05-25,2363.4,2268.1,2337.0,809409,,,,,,,,
GLENMARK,2026-05-26,2373.0,2317.9,2351.4,479694,,,,,,,,
GLENMARK,2026-05-27,2390.0,2322.0,2384.9,541843,,,,,,,,
GLENMARK,2026-05-29,2400.7,2257.8,2274.9,1343564,,,,,,,,
GMDCLTD,2026-05-22,663.9,648.7,651.5,1247471,,,,,,,,
GMDCLTD,2026-05-25,664.95,652.1,655.55,1012049,,,,,,,,
GMDCLTD,2026-05-26,698.2,652.6,693.15,9108067,,,,,,,,
GMDCLTD,2026-05-27,708.2,695.55,699.1,3551221,,,,,,,,
GMDCLTD,2026-05-29,704.95,660.05,670.0,2081626,,,,,,,,
GMRAIRPORT,2026-05-22,97.5,95.5,95.85,9542349,,,,,,,,
GMRAIRPORT,2026-05-25,97.36,96.25,96.9,6664583,,,,,,,,
GMRAIRPORT,2026-05-26,97.2,95.78,96.23,9727707,,,,,,,,
GMRAIRPORT,2026-05-27,98.6,96.26,97.84,10776154,,,,,,,,
GMRAIRPORT,2026-05-29,104.14,99.56,100.37,131030009,,,,,,,,
GODFRYPHLP,2026-05-22,2335.0,2292.6,2315.3,470602,,,,,,,,
GODFRYPHLP,2026-05-25,2344.0,2307.0,2320.6,348976,,,,,,,,
GODFRYPHLP,2026-05-26,2347.8,2290.0,2298.4,457173,,,,,,,,
GODFRYPHLP,2026-05-27,2331.9,2293.0,2310.9,294706,,,,,,,,
GODFRYPHLP,2026-05-29,2348.4,2271.7,2282.8,557834,,,,,,,,
GODIGIT,2026-05-22,312.45,307.1,309.5,94367,,,,,,,,
GODIGIT,2026-05-25,310.35,304.85,306.5,273409,,,,,,,,
GODIGIT,2026-05-26,309.95,303.1,305.7,179754,,,,,,,,
GODIGIT,2026-05-27,307.95,302.8,304.4,133818,,,,,,,,
GODIGIT,2026-05-29,308.35,300.35,305.5,790077,,,,,,,,
GODREJCP,2026-05-22,1030.0,1006.0,1027.5,1905091,,,,,,,,
GODREJCP,2026-05-25,1042.8,1012.3,1020.4,3432340,,,,,,,,
GODREJCP,2026-05-26,1035.0,1016.1,1031.8,1170017,,,,,,,,
GODREJCP,2026-05-27,1048.9,1023.5,1044.4,1227520,,,,,,,,
GODREJCP,2026-05-29,1053.6,1024.1,1029.3,3721352,,,,,,,,
GODREJIND,2026-05-22,1156.0,1107.3,1126.5,125116,,,,,,,,
GODREJIND,2026-05-25,1169.95,1131.8,1160.6,112631,,,,,,,,
GODREJIND,2026-05-26,1177.0,1130.3,1140.45,119943,,,,,,,,
GODREJIND,2026-05-27,1149.0,1128.65,1134.1,41277,,,,,,,,
GODREJIND,2026-05-29,1199.95,1092.0,1107.3,425178,,,,,,,,
GODREJPROP,2026-05-22,1751.9,1710.1,1732.9,414841,,,,,,,,
GODREJPROP,2026-05-25,1770.5,1750.0,1767.3,352723,,,,,,,,
GODREJPROP,2026-05-26,1790.8,1752.1,1760.2,393643,,,,,,,,
GODREJPROP,2026-05-27,1812.3,1752.7,1788.6,556467,,,,,,,,
GODREJPROP,2026-05-29,1834.8,1750.0,1762.7,2150631,,,,,,,,
GPIL,2026-05-22,297.6,287.0,291.4,3512829,,,,,,,,
GPIL,2026-05-25,296.3,283.35,285.05,3008339,,,,,,,,
GPIL,2026-05-26,289.0,283.0,285.4,2058780,,,,,,,,
GPIL,2026-05-27,288.9,280.95,281.8,1601428,,,,,,,,
GPIL,2026-05-29,292.0,279.0,288.05,3807408,,,,,,,,
GRANULES,2026-05-22,771.5,750.0,751.95,667510,,,,,,,,
GRANULES,2026-05-25,763.3,753.05,758.4,415814,,,,,,,,
GRANULES,2026-05-26,778.75,752.55,756.5,735557,,,,,,,,
GRANULES,2026-05-27,800.0,754.85,782.6,11995874,,,,,,,,
GRANULES,2026-05-29,804.3,768.55,773.85,1170367,,,,,,,,
GRAPHITE,2026-05-22,754.4,737.8,740.6,690541,,,,,,,,
GRAPHITE,2026-05-25,759.5,743.1,748.45,754482,,,,,,,,
GRAPHITE,2026-05-26,766.9,748.0,755.95,1039956,,,,,,,,
GRAPHITE,2026-05-27,772.9,745.5,746.8,832684,,,,,,,,
GRAPHITE,2026-05-29,768.0,716.0,727.75,2540945,,,,,,,,
GRASIM,2026-05-22,3187.6,3142.0,3155.3,906466,,,,,,,,
GRASIM,2026-05-25,3192.3,3128.1,3171.6,620009,,,,,,,,
GRASIM,2026-05-26,3196.2,3155.0,3165.0,984415,,,,,,,,
GRASIM,2026-05-27,3197.5,3158.0,3170.0,317539,,,,,,,,
GRASIM,2026-05-29,3190.3,3111.4,3122.4,1635193,,,,,,,,
GRAVITA,2026-05-22,1668.6,1624.1,1639.7,115254,,,,,,,,
GRAVITA,2026-05-25,1683.0,1641.9,1658.0,129285,,,,,,,,
GRAVITA,2026-05-26,1748.2,1655.0,1662.0,569904,,,,,,,,
GRAVITA,2026-05-27,1683.9,1646.6,1668.5,173233,,,,,,,,
GRAVITA,2026-05-29,1674.6,1604.5,1612.9,226993,,,,,,,,
GROWW,2026-05-22,189.99,186.69,187.79,14581540,,,,,,,,
GROWW,2026-05-25,191.95,188.71,189.47,17326454,,,,,,,,
GROWW,2026-05-26,193.68,187.72,188.77,23887626,,,,,,,,
GROWW,2026-05-27,189.59,185.71,187.35,16427665,,,,,,,,
GROWW,2026-05-29,190.31,184.21,184.89,22238820,,,,,,,,
GRSE,2026-05-22,2729.0,2674.5,2694.0,668064,,,,,,,,
GRSE,2026-05-25,2751.9,2665.0,2675.7,922534,,,,,,,,
GRSE,2026-05-26,2724.9,2655.0,2662.5,744373,,,,,,,,
GRSE,2026-05-27,2692.0,2629.9,2651.5,637795,,,,,,,,
GRSE,2026-05-29,2710.0,2616.2,2654.8,1118570,,,,,,,,
GVT&D,2026-05-22,4912.4,4764.0,4849.5,796078,,,,,,,,
GVT&D,2026-05-25,4945.9,4730.6,4774.7,516843,,,,,,,,
GVT&D,2026-05-26,4878.0,4776.0,4848.3,483181,,,,,,,,
GVT&D,2026-05-27,5183.5,4849.0,5097.7,1339313,,,,,,,,
GVT&D,2026-05-29,5222.1,4940.0,5148.6,2379024,,,,,,,,
HAL,2026-05-22,4429.7,4345.5,4368.4,845826,,,,,,,,
HAL,2026-05-25,4437.9,4385.4,4425.9,1063255,,,,,,,,
HAL,2026-05-26,4449.3,4393.7,4427.7,983680,,,,,,,,
HAL,2026-05-27,4474.0,4404.2,4413.0,502395,,,,,,,,
HAL,2026-05-29,4418.0,4255.3,4303.8,4597399,,,,,,,,
HAVELLS,2026-05-22,1217.4,1198.0,1200.9,581336,,,,,,,,
HAVELLS,2026-05-25,1214.8,1200.8,1203.8,375805,,,,,,,,
HAVELLS,2026-05-26,1205.8,1193.9,1201.0,475276,,,,,,,,
HAVELLS,2026-05-27,1219.4,1201.6,1211.0,1246990,,,,,,,,
HAVELLS,2026-05-29,1215.9,1166.0,1176.8,4333519,,,,,,,,
HBLENGINE,2026-05-22,795.45,768.05,774.65,1481502,,,,,,,,
HBLENGINE,2026-05-25,784.0,738.15,758.7,4352760,,,,,,,,
HBLENGINE,2026-05-26,808.95,760.0,799.45,3685114,,,,,,,,
HBLENGINE,2026-05-27,826.75,796.55,817.5,2586420,,,,,,,,
HBLENGINE,2026-05-29,875.0,818.0,822.6,5948248,,,,,,,,
HCLTECH,2026-05-22,1176.0,1159.9,1164.0,2044782,,,,,,,,
HCLTECH,2026-05-25,1178.0,1162.1,1165.7,1419803,,,,,,,,
HCLTECH,2026-05-26,1173.7,1160.0,1161.9,1196820,,,,,,,,
HCLTECH,2026-05-27,1169.8,1153.7,1165.2,1004168,,,,,,,,
HCLTECH,2026-05-29,1191.7,1177.0,1183.8,12446602,,,,,,,,
HDBFS,2026-05-22,666.35,654.05,654.3,191337,,,,,,,,
HDBFS,2026-05-25,671.8,657.95,669.6,364869,,,,,,,,
HDBFS,2026-05-26,694.1,666.3,679.7,431882,,,,,,,,
HDBFS,2026-05-27,684.4,672.0,674.2,113431,,,,,,,,
HDBFS,2026-05-29,675.0,659.55,665.85,276971,,,,,,,,
HDFCAMC,2026-05-22,2767.0,2720.0,2738.7,525571,,,,,,,,
HDFCAMC,2026-05-25,2809.8,2753.0,2758.1,767309,,,,,,,,
HDFCAMC,2026-05-26,2765.8,2717.4,2739.8,685263,,,,,,,,
HDFCAMC,2026-05-27,2739.1,2704.0,2716.3,548519,,,,,,,,
HDFCAMC,2026-05-29,2768.4,2652.6,2674.3,2092882,,,,,,,,
HDFCBANK,2026-05-22,775.0,759.15,766.8,25604071,,,,,,,,
HDFCBANK,2026-05-25,787.85,775.2,786.85,26043952,,,,,,,,
HDFCBANK,2026-05-26,790.85,776.75,778.9,31528062,,,,,,,,
HDFCBANK,2026-05-27,773.9,756.9,758.65,63680153,,,,,,,,
HDFCBANK,2026-05-29,760.5,737.75,744.55,101299431,,,,,,,,
HDFCLIFE,2026-05-22,620.7,614.35,616.6,3481863,,,,,,,,
HDFCLIFE,2026-05-25,622.9,616.5,620.0,1723876,,,,,,,,
HDFCLIFE,2026-05-26,624.05,617.0,618.85,2241793,,,,,,,,
HDFCLIFE,2026-05-27,619.9,608.65,609.6,1266431,,,,,,,,
HDFCLIFE,2026-05-29,614.0,588.8,594.8,11094751,,,,,,,,
HEG,2026-05-22,597.3,585.55,587.7,693279,,,,,,,,
HEG,2026-05-25,599.35,581.35,584.55,979417,,,,,,,,
HEG,2026-05-26,598.0,583.8,587.2,880327,,,,,,,,
HEG,2026-05-27,597.45,576.5,579.75,1121535,,,,,,,,
HEG,2026-05-29,584.85,564.3,566.85,1085366,,,,,,,,
HEROMOTOCO,2026-05-22,5014.5,4950.0,4966.0,284550,,,,,,,,
HEROMOTOCO,2026-05-25,5065.5,4948.0,4979.0,445788,,,,,,,,
HEROMOTOCO,2026-05-26,5029.0,4953.0,4983.0,413024,,,,,,,,
HEROMOTOCO,2026-05-27,5102.0,4980.0,5075.0,460843,,,,,,,,
HEROMOTOCO,2026-05-29,5140.0,4875.5,4903.0,1648645,,,,,,,,
HEXT,2026-05-22,517.25,496.15,514.05,567941,,,,,,,,
HEXT,2026-05-25,519.0,502.1,506.15,277501,,,,,,,,
HEXT,2026-05-26,510.0,503.65,507.9,169538,,,,,,,,
HEXT,2026-05-27,511.0,504.0,508.2,126775,,,,,,,,
HEXT,2026-05-29,517.35,498.8,508.0,511956,,,,,,,,
HFCL,2026-05-22,148.98,141.12,148.21,44851554,,,,,,,,
HFCL,2026-05-25,163.03,155.0,162.84,106724688,,,,,,,,
HFCL,2026-05-26,168.24,160.0,161.8,73548899,,,,,,,,
HFCL,2026-05-27,176.44,161.19,173.92,79961509,,,,,,,,
HFCL,2026-05-29,189.08,170.32,179.94,111112652,,,,,,,,
HINDALCO,2026-05-22,1115.0,1092.8,1109.2,4136312,,,,,,,,
HINDALCO,2026-05-25,1119.8,1081.2,1099.6,7677225,,,,,,,,
HINDALCO,2026-05-26,1118.0,1094.6,1103.8,5880899,,,,,,,,
HINDALCO,2026-05-27,1154.0,1118.3,1149.7,7559470,,,,,,,,
HINDALCO,2026-05-29,1176.0,1122.0,1126.7,11987286,,,,,,,,
HINDCOPPER,2026-05-22,560.0,545.0,545.75,4438011,,,,,,,,
HINDCOPPER,2026-05-25,555.0,542.1,545.55,4086314,,,,,,,,
HINDCOPPER,2026-05-26,564.85,541.0,556.0,7625490,,,,,,,,
HINDCOPPER,2026-05-27,564.0,554.3,555.35,4061276,,,,,,,,
HINDCOPPER,2026-05-29,564.65,528.0,538.7,5365662,,,,,,,,
HINDPETRO,2026-05-22,391.0,385.35,389.65,3800324,,,,,,,,
HINDPETRO,2026-05-25,412.55,402.2,403.35,10214359,,,,,,,,
HINDPETRO,2026-05-26,403.3,396.7,398.0,4241199,,,,,,,,
HINDPETRO,2026-05-27,404.2,393.2,402.9,8615664,,,,,,,,
HINDPETRO,2026-05-29,409.0,390.0,393.85,12624474,,,,,,,,
HINDUNILVR,2026-05-22,2224.5,2175.4,2203.6,1382889,,,,,,,,
HINDUNILVR,2026-05-25,2238.1,2192.9,2196.5,780722,,,,,,,,
HINDUNILVR,2026-05-26,2220.0,2190.0,2209.4,2302703,,,,,,,,
HINDUNILVR,2026-05-27,2214.6,2187.0,2198.4,616538,,,,,,,,
HINDUNILVR,2026-05-29,2207.8,2118.1,2153.5,17701621,,,,,,,,
HINDZINC,2026-05-22,643.6,629.9,632.25,3870439,,,,,,,,
HINDZINC,2026-05-25,642.4,633.2,634.5,3122036,,,,,,,,
HINDZINC,2026-05-26,648.4,629.65,647.4,7893675,,,,,,,,
HINDZINC,2026-05-27,659.85,647.45,648.85,4473837,,,,,,,,
HINDZINC,2026-05-29,656.25,630.0,632.95,4146682,,,,,,,,
HOMEFIRST,2026-05-22,1076.8,1054.2,1063.4,97017,,,,,,,,
HOMEFIRST,2026-05-25,1101.8,1064.5,1080.1,176367,,,,,,,,
HOMEFIRST,2026-05-26,1095.0,1073.0,1086.9,456173,,,,,,,,
HOMEFIRST,2026-05-27,1128.6,1087.9,1117.9,180358,,,,,,,,
HOMEFIRST,2026-05-29,1134.1,1052.6,1065.2,604512,,,,,,,,
HONASA,2026-05-22,402.8,379.05,384.35,68973967,,,,,,,,
HONASA,2026-05-25,393.95,381.85,391.25,7064531,,,,,,,,
HONASA,2026-05-26,400.0,386.1,396.0,3112256,,,,,,,,
HONASA,2026-05-27,422.75,393.2,419.95,5506712,,,,,,,,
HONASA,2026-05-29,424.9,403.2,406.4,1394041,,,,,,,,
HONAUT,2026-05-22,36550.0,34605.0,35405.0,61734,,,,,,,,
HONAUT,2026-05-25,35540.0,34000.0,34405.0,21296,,,,,,,,
HONAUT,2026-05-26,35895.0,34550.0,35570.0,21366,,,,,,,,
HONAUT,2026-05-27,36400.0,35635.0,36180.0,11755,,,,,,,,
HONAUT,2026-05-29,36500.0,35300.0,35520.0,11346,,,,,,,,
HSCL,2026-05-22,597.4,579.35,587.15,5185493,,,,,,,,
HSCL,2026-05-25,597.0,578.05,593.25,6111518,,,,,,,,
HSCL,2026-05-26,619.95,593.6,606.4,6911907,,,,,,,,
HSCL,2026-05-27,625.0,603.75,607.2,8455044,,,,,,,,
HSCL,2026-05-29,614.15,595.0,606.45,6139031,,,,,,,,
HUDCO,2026-05-22,207.0,203.34,205.36,1518491,,,,,,,,
HUDCO,2026-05-25,210.0,206.4,207.53,1824309,,,,,,,,
HUDCO,2026-05-26,208.79,206.0,206.64,1205683,,,,,,,,
HUDCO,2026-05-27,208.7,204.1,206.24,1313515,,,,,,,,
HUDCO,2026-05-29,207.47,200.6,203.51,1720084,,,,,,,,
HYUNDAI,2026-05-22,1858.8,1821.6,1848.6,1736999,,,,,,,,
HYUNDAI,2026-05-25,1905.0,1859.0,1880.9,1407989,,,,,,,,
HYUNDAI,2026-05-26,1892.8,1847.0,1884.0,1178217,,,,,,,,
HYUNDAI,2026-05-27,1928.2,1881.6,1913.6,1149660,,,,,,,,
HYUNDAI,2026-05-29,2004.6,1890.3,1924.0,20806845,,,,,,,,
ICICIAMC,2026-05-22,3255.0,3190.0,3229.8,233815,,,,,,,,
ICICIAMC,2026-05-25,3364.0,3260.0,3344.2,432773,,,,,,,,
ICICIAMC,2026-05-26,3406.7,3341.1,3360.6,229982,,,,,,,,
ICICIAMC,2026-05-27,3504.7,3264.5,3437.2,672004,,,,,,,,
ICICIAMC,2026-05-29,3611.0,3385.8,3538.5,680397,,,,,,,,
ICICIBANK,2026-05-22,1270.8,1242.0,1264.3,11601085,,,,,,,,
ICICIBANK,2026-05-25,1293.5,1270.9,1291.8,13853923,,,,,,,,
ICICIBANK,2026-05-26,1301.8,1276.2,1279.1,18400405,,,,,,,,
ICICIBANK,2026-05-27,1293.4,1266.7,1272.7,18366272,,,,,,,,
ICICIBANK,2026-05-29,1287.8,1247.9,1256.4,31007884,,,,,,,,
ICICIGI,2026-05-22,1850.5,1808.5,1826.2,486144,,,,,,,,
ICICIGI,2026-05-25,1860.8,1832.4,1854.3,388195,,,,,,,,
ICICIGI,2026-05-26,1887.5,1842.0,1860.3,279695,,,,,,,,
ICICIGI,2026-05-27,1870.7,1848.5,1850.6,241816,,,,,,,,
ICICIGI,2026-05-29,1857.1,1739.5,1792.2,2916778,,,,,,,,
ICICIPRULI,2026-05-22,520.95,511.05,520.05,2134922,,,,,,,,
ICICIPRULI,2026-05-25,528.85,522.6,526.7,1019989,,,,,,,,
ICICIPRULI,2026-05-26,529.3,518.7,522.7,710898,,,,,,,,
ICICIPRULI,2026-05-27,529.0,517.0,522.9,877650,,,,,,,,
ICICIPRULI,2026-05-29,525.75,498.25,503.95,6149632,,,,,,,,
IDBI,2026-05-22,73.25,72.36,72.65,3526842,,,,,,,,
IDBI,2026-05-25,73.57,72.85,73.04,4134677,,,,,,,,
IDBI,2026-05-26,73.98,72.59,72.94,3563991,,,,,,,,
IDBI,2026-05-27,74.46,72.55,73.49,5960584,,,,,,,,
IDBI,2026-05-29,76.19,73.4,73.83,13441911,,,,,,,,
IDEA,2026-05-22,13.99,13.53,13.73,756253332,,,,,,,,
IDEA,2026-05-25,14.09,13.79,14.04,781993776,,,,,,,,
IDEA,2026-05-26,14.2,13.95,14.14,747187097,,,,,,,,
IDEA,2026-05-27,14.29,14.07,14.18,580574851,,,,,,,,
IDEA,2026-05-29,14.44,13.87,13.99,846740260,,,,,,,,
IDFCFIRSTB,2026-05-22,69.1,68.1,68.88,12717449,,,,,,,,
IDFCFIRSTB,2026-05-25,69.95,69.04,69.46,26724761,,,,,,,,
IDFCFIRSTB,2026-05-26,70.33,69.24,70.22,19387715,,,,,,,,
IDFCFIRSTB,2026-05-27,72.35,70.1,71.48,16565002,,,,,,,,
IDFCFIRSTB,2026-05-29,73.08,70.51,71.32,116119106,,,,,,,,
IEX,2026-05-22,128.69,125.53,127.07,3601437,,,,,,,,
IEX,2026-05-25,129.69,127.25,127.58,2818769,,,,,,,,
IEX,2026-05-26,127.99,126.69,127.47,3655073,,,,,,,,
IEX,2026-05-27,128.77,125.71,126.59,3879387,,,,,,,,
IEX,2026-05-29,129.8,126.43,128.31,7112020,,,,,,,,
IFCI,2026-05-22,61.38,60.6,60.74,7418146,,,,,,,,
IFCI,2026-05-25,63.14,61.5,61.75,11763160,,,,,,,,
IFCI,2026-05-26,64.84,61.7,64.4,29680081,,,,,,,,
IFCI,2026-05-27,68.7,64.2,68.38,88863769,,,,,,,,
IFCI,2026-05-29,70.2,67.75,68.53,45005174,,,,,,,,
IGIL,2026-05-22,381.7,368.7,372.95,860923,,,,,,,,
IGIL,2026-05-25,385.0,372.1,373.9,764133,,,,,,,,
IGIL,2026-05-26,388.3,371.75,381.25,613079,,,,,,,,
IGIL,2026-05-27,385.0,367.1,369.9,376562,,,,,,,,
IGIL,2026-05-29,380.4,367.5,371.8,1106297,,,,,,,,
IGL,2026-05-22,156.95,151.02,155.51,11485498,,,,,,,,
IGL,2026-05-25,162.3,157.11,160.48,3617104,,,,,,,,
IGL,2026-05-26,169.9,161.51,166.01,10602040,,,,,,,,
IGL,2026-05-27,166.68,163.35,164.61,1697795,,,,,,,,
IGL,2026-05-29,166.37,158.31,160.47,3052492,,,,,,,,
IIFL,2026-05-22,469.7,455.5,462.7,1631875,,,,,,,,
IIFL,2026-05-25,488.05,464.8,481.9,3797994,,,,,,,,
IIFL,2026-05-26,500.0,473.4,474.95,4086101,,,,,,,,
IIFL,2026-05-27,481.0,468.5,478.35,5135456,,,,,,,,
IIFL,2026-05-29,483.55,462.65,466.9,3116222,,,,,,,,
IKS,2026-05-22,1625.9,1569.9,1585.9,311195,,,,,,,,
IKS,2026-05-25,1665.0,1605.1,1647.4,210529,,,,,,,,
IKS,2026-05-26,1689.5,1638.0,1645.8,134347,,,,,,,,
IKS,2026-05-27,1660.0,1634.1,1637.5,63999,,,,,,,,
IKS,2026-05-29,1695.0,1630.0,1675.6,357907,,,,,,,,
INDGN,2026-05-22,514.25,507.05,508.55,72290,,,,,,,,
INDGN,2026-05-25,525.65,509.05,516.6,177864,,,,,,,,
INDGN,2026-05-26,525.0,514.15,517.55,112433,,,,,,,,
INDGN,2026-05-27,532.0,514.35,518.9,172270,,,,,,,,
INDGN,2026-05-29,535.0,508.1,521.55,582028,,,,,,,,
INDHOTEL,2026-05-22,659.1,649.05,650.25,1415868,,,,,,,,
INDHOTEL,2026-05-25,666.45,654.25,663.55,1738393,,,,,,,,
INDHOTEL,2026-05-26,665.9,652.75,657.15,1883174,,,,,,,,
INDHOTEL,2026-05-27,669.0,656.65,667.7,1360823,,,,,,,,
INDHOTEL,2026-05-29,673.2,650.6,654.25,5298646,,,,,,,,
INDIACEM,2026-05-22,410.5,398.35,400.8,245224,,,,,,,,
INDIACEM,2026-05-25,409.65,399.1,403.5,144492,,,,,,,,
INDIACEM,2026-05-26,408.0,401.05,404.6,127908,,,,,,,,
INDIACEM,2026-05-27,409.45,400.0,400.6,93447,,,,,,,,
INDIACEM,2026-05-29,403.95,376.1,381.95,524636,,,,,,,,
INDIAMART,2026-05-22,2040.7,2015.0,2030.0,57197,,,,,,,,
INDIAMART,2026-05-25,2039.8,2023.1,2029.3,62754,,,,,,,,
INDIAMART,2026-05-26,2047.0,2029.3,2037.9,60733,,,,,,,,
INDIAMART,2026-05-27,2035.0,2000.0,2020.1,29167,,,,,,,,
INDIAMART,2026-05-29,2028.6,1966.4,2015.7,131355,,,,,,,,
INDIANB,2026-05-22,832.0,818.1,825.95,2275195,,,,,,,,
INDIANB,2026-05-25,849.9,835.0,840.15,2632041,,,,,,,,
INDIANB,2026-05-26,847.3,830.1,833.55,2469501,,,,,,,,
INDIANB,2026-05-27,837.85,827.1,833.35,1027273,,,,,,,,
INDIANB,2026-05-29,853.95,817.15,833.0,34509165,,,,,,,,
INDIGO,2026-05-22,4460.0,4399.6,4438.6,675234,,,,,,,,
INDIGO,2026-05-25,4538.0,4438.7,4501.9,2493013,,,,,,,,
INDIGO,2026-05-26,4510.5,4440.0,4480.8,759683,,,,,,,,
INDIGO,2026-05-27,4593.2,4429.9,4570.0,1369227,,,,,,,,
INDIGO,2026-05-29,4555.0,4381.2,4405.0,1359472,,,,,,,,
INDUSINDBK,2026-05-22,914.5,902.7,910.15,1165558,,,,,,,,
INDUSINDBK,2026-05-25,933.5,920.15,926.1,1193834,,,,,,,,
INDUSINDBK,2026-05-26,935.0,921.0,932.3,2323571,,,,,,,,
INDUSINDBK,2026-05-27,939.8,928.0,932.3,1088920,,,,,,,,
INDUSINDBK,2026-05-29,940.2,910.35,914.35,3160610,,,,,,,,
INDUSTOWER,2026-05-22,434.65,430.1,432.05,3905979,,,,,,,,
INDUSTOWER,2026-05-25,442.0,430.05,438.85,4332999,,,,,,,,
INDUSTOWER,2026-05-26,443.05,430.55,433.25,10396696,,,,,,,,
INDUSTOWER,2026-05-27,439.8,432.5,436.25,4909748,,,,,,,,
INDUSTOWER,2026-05-29,449.4,432.1,442.05,14310382,,,,,,,,
INFY,2026-05-22,1191.8,1172.5,1174.5,8803066,,,,,,,,
INFY,2026-05-25,1185.0,1166.1,1168.5,5856136,,,,,,,,
INFY,2026-05-26,1180.7,1162.9,1167.7,8005767,,,,,,,,
INFY,2026-05-27,1167.3,1155.0,1159.9,6371871,,,,,,,,
INFY,2026-05-29,1210.0,1153.6,1160.9,69085430,,,,,,,,
INOXWIND,2026-05-22,95.6,93.88,94.31,4929961,,,,,,,,
INOXWIND,2026-05-25,98.37,95.63,97.04,9757031,,,,,,,,
INOXWIND,2026-05-26,99.15,95.62,96.22,13023755,,,,,,,,
INOXWIND,2026-05-27,97.98,93.8,95.81,16694976,,,,,,,,
INOXWIND,2026-05-29,96.79,92.44,93.02,16314958,,,,,,,,
INTELLECT,2026-05-22,702.5,685.1,697.95,247007,,,,,,,,
INTELLECT,2026-05-25,726.35,700.0,713.3,350927,,,,,,,,
INTELLECT,2026-05-26,724.2,706.7,710.55,202572,,,,,,,,
INTELLECT,2026-05-27,718.05,701.4,710.1,239388,,,,,,,,
INTELLECT,2026-05-29,746.6,707.4,716.85,904651,,,,,,,,
IOB,2026-05-22,33.89,33.36,33.43,2474280,,,,,,,,
IOB,2026-05-25,34.0,33.62,33.79,3843907,,,,,,,,
IOB,2026-05-26,33.95,33.5,33.63,2870292,,,,,,,,
IOB,2026-05-27,33.97,33.53,33.88,2722431,,,,,,,,
IOB,2026-05-29,34.06,33.1,33.42,3503704,,,,,,,,
IOC,2026-05-22,140.56,138.03,139.47,12077225,,,,,,,,
IOC,2026-05-25,145.3,143.15,143.95,24525241,,,,,,,,
IOC,2026-05-26,144.11,141.57,142.38,9355269,,,,,,,,
IOC,2026-05-27,144.85,141.42,143.94,10981894,,,,,,,,
IOC,2026-05-29,147.0,139.63,140.24,36212028,,,,,,,,
IPCALAB,2026-05-22,1648.5,1596.5,1602.1,100242,,,,,,,,
IPCALAB,2026-05-25,1617.8,1565.2,1571.0,109349,,,,,,,,
IPCALAB,2026-05-26,1599.9,1565.6,1578.0,136241,,,,,,,,
IPCALAB,2026-05-27,1592.4,1567.0,1572.4,74100,,,,,,,,
IPCALAB,2026-05-29,1618.7,1482.9,1524.4,979166,,,,,,,,
IRB,2026-05-22,22.93,21.91,22.03,43987278,,,,,,,,
IRB,2026-05-25,22.43,21.52,21.62,24613158,,,,,,,,
IRB,2026-05-26,22.27,21.43,21.66,28395725,,,,,,,,
IRB,2026-05-27,21.91,21.64,21.69,10176721,,,,,,,,
IRB,2026-05-29,21.86,21.06,21.16,17478108,,,,,,,,
IRCON,2026-05-22,142.75,140.46,140.9,2121587,,,,,,,,
IRCON,2026-05-25,143.6,141.57,142.58,2226524,,,,,,,,
IRCON,2026-05-26,142.85,139.5,140.23,2386677,,,,,,,,
IRCON,2026-05-27,140.95,138.61,139.66,2261256,,,,,,,,
IRCON,2026-05-29,140.56,135.7,136.9,2689199,,,,,,,,
IRCTC,2026-05-22,541.4,527.15,530.25,1106967,,,,,,,,
IRCTC,2026-05-25,540.2,533.55,537.85,814819,,,,,,,,
IRCTC,2026-05-26,547.65,536.3,537.2,1238113,,,,,,,,
IRCTC,2026-05-27,532.4,521.6,523.2,1866537,,,,,,,,
IRCTC,2026-05-29,527.05,503.0,509.85,1654816,,,,,,,,
IREDA,2026-05-22,129.66,127.36,129.01,4518710,,,,,,,,
IREDA,2026-05-25,132.39,129.25,129.77,7175829,,,,,,,,
IREDA,2026-05-26,130.89,128.55,129.54,5282274,,,,,,,,
IREDA,2026-05-27,131.19,128.99,130.2,5122289,,,,,,,,
IREDA,2026-05-29,135.5,129.57,133.25,31424380,,,,,,,,
IRFC,2026-05-22,98.41,97.4,98.19,6016639,,,,,,,,
IRFC,2026-05-25,101.08,98.99,100.45,13515986,,,,,,,,
IRFC,2026-05-26,100.83,99.0,99.28,8488045,,,,,,,,
IRFC,2026-05-27,99.94,98.83,99.19,6755352,,,,,,,,
IRFC,2026-05-29,100.14,97.02,97.51,9652408,,,,,,,,
ITC,2026-05-22,307.0,301.0,301.7,30751752,,,,,,,,
ITC,2026-05-25,305.5,302.35,303.95,15734247,,,,,,,,
ITC,2026-05-26,304.4,301.1,301.65,37560542,,,,,,,,
ITC,2026-05-27,296.35,291.05,291.95,25446093,,,,,,,,
ITC,2026-05-29,292.4,285.9,286.9,31930439,,,,,,,,
ITCHOTELS,2026-05-22,155.5,153.65,154.29,2121687,,,,,,,,
ITCHOTELS,2026-05-25,157.39,155.5,156.22,2482791,,,,,,,,
ITCHOTELS,2026-05-26,157.5,154.32,154.55,2208942,,,,,,,,
ITCHOTELS,2026-05-27,157.5,154.7,156.43,3710316,,,,,,,,
ITCHOTELS,2026-05-29,159.8,153.99,154.85,4153816,,,,,,,,
ITI,2026-05-22,292.35,287.4,288.6,318979,,,,,,,,
ITI,2026-05-25,295.75,290.0,290.75,491161,,,,,,,,
ITI,2026-05-26,312.2,292.0,300.3,4401502,,,,,,,,
ITI,2026-05-27,303.95,298.6,301.4,640114,,,,,,,,
ITI,2026-05-29,313.65,297.15,300.4,1947665,,,,,,,,
J&KBANK,2026-05-22,142.15,139.23,140.03,2924950,,,,,,,,
J&KBANK,2026-05-25,142.77,139.84,140.78,2776408,,,,,,,,
J&KBANK,2026-05-26,141.6,139.4,140.16,2203961,,,,,,,,
J&KBANK,2026-05-27,144.7,139.76,143.88,4222221,,,,,,,,
J&KBANK,2026-05-29,144.36,139.5,140.36,3114207,,,,,,,,
JAINREC,2026-05-22,389.95,366.45,384.85,3739897,,,,,,,,
JAINREC,2026-05-25,394.5,382.1,392.2,2089919,,,,,,,,
JAINREC,2026-05-26,411.0,390.1,399.35,2764641,,,,,,,,
JAINREC,2026-05-27,402.35,386.5,396.15,2099570,,,,,,,,
JAINREC,2026-05-29,398.65,370.0,373.55,1691300,,,,,,,,
JBCHEPHARM,2026-05-22,2217.0,2171.0,2192.6,203854,,,,,,,,
JBCHEPHARM,2026-05-25,2285.3,2200.0,2228.4,485276,,,,,,,,
JBCHEPHARM,2026-05-26,2248.0,2168.0,2190.0,207333,,,,,,,,
JBCHEPHARM,2026-05-27,2215.0,2168.0,2204.2,170231,,,,,,,,
JBCHEPHARM,2026-05-29,2239.8,2131.0,2167.4,324822,,,,,,,,
JBMA,2026-05-22,644.6,628.0,631.8,282597,,,,,,,,
JBMA,2026-05-25,646.2,636.0,637.9,267878,,,,,,,,
JBMA,2026-05-26,651.95,632.45,639.35,351161,,,,,,,,
JBMA,2026-05-27,646.9,635.2,640.8,290230,,,,,,,,
JBMA,2026-05-29,657.5,616.15,621.45,680048,,,,,,,,
JINDALSAW,2026-05-22,222.0,214.01,220.0,1429610,,,,,,,,
JINDALSAW,2026-05-25,231.3,222.3,225.94,1683198,,,,,,,,
JINDALSAW,2026-05-26,232.01,225.55,228.87,1510517,,,,,,,,
JINDALSAW,2026-05-27,247.0,228.2,246.07,5836424,,,,,,,,
JINDALSAW,2026-05-29,251.7,240.18,247.09,4042280,,,,,,,,
JINDALSTEL,2026-05-22,1212.4,1192.3,1209.9,805924,,,,,,,,
JINDALSTEL,2026-05-25,1224.4,1209.1,1212.3,323348,,,,,,,,
JINDALSTEL,2026-05-26,1226.3,1205.0,1222.9,477830,,,,,,,,
JINDALSTEL,2026-05-27,1254.9,1211.0,1220.6,1184467,,,,,,,,
JINDALSTEL,2026-05-29,1230.5,1191.7,1207.2,4256869,,,,,,,,
JIOFIN,2026-05-22,241.0,236.11,238.19,13517010,,,,,,,,
JIOFIN,2026-05-25,243.65,240.2,241.74,9813693,,,,,,,,
JIOFIN,2026-05-26,243.7,240.01,240.67,10437883,,,,,,,,
JIOFIN,2026-05-27,243.86,240.71,242.89,9140875,,,,,,,,
JIOFIN,2026-05-29,245.15,238.05,238.95,22534996,,,,,,,,
JKCEMENT,2026-05-22,5621.0,5492.0,5557.5,35417,,,,,,,,
JKCEMENT,2026-05-25,5579.5,5406.0,5441.5,82200,,,,,,,,
JKCEMENT,2026-05-26,5489.0,5301.0,5315.0,64864,,,,,,,,
JKCEMENT,2026-05-27,5385.0,5290.0,5301.0,36942,,,,,,,,
JKCEMENT,2026-05-29,5316.0,5125.0,5171.0,103183,,,,,,,,
JKTYRE,2026-05-22,373.1,362.6,367.6,669550,,,,,,,,
JKTYRE,2026-05-25,388.6,373.1,386.45,2704561,,,,,,,,
JKTYRE,2026-05-26,397.0,383.15,394.15,1573102,,,,,,,,
JKTYRE,2026-05-27,422.65,410.25,413.3,12949278,,,,,,,,
JKTYRE,2026-05-29,417.3,405.5,408.0,1552369,,,,,,,,
JMFINANCIL,2026-05-22,130.28,127.78,128.98,1248222,,,,,,,,
JMFINANCIL,2026-05-25,133.15,129.45,132.35,1965233,,,,,,,,
JMFINANCIL,2026-05-26,136.9,132.05,132.51,2238224,,,,,,,,
JMFINANCIL,2026-05-27,134.1,131.15,131.5,1268339,,,,,,,,
JMFINANCIL,2026-05-29,133.9,129.0,130.36,2377331,,,,,,,,
JPPOWER,2026-05-22,18.93,18.63,18.76,61153759,,,,,,,,
JPPOWER,2026-05-25,19.42,18.79,18.88,115033020,,,,,,,,
JPPOWER,2026-05-26,19.59,18.91,19.13,170441621,,,,,,,,
JPPOWER,2026-05-27,22.95,19.18,22.87,1285571409,,,,,,,,
JPPOWER,2026-05-29,24.5,21.7,21.87,656884514,,,,,,,,
JSL,2026-05-22,745.0,735.0,736.65,276313,,,,,,,,
JSL,2026-05-25,743.55,729.0,731.9,422483,,,,,,,,
JSL,2026-05-26,734.35,722.55,727.75,658402,,,,,,,,
JSL,2026-05-27,736.1,720.0,722.2,466816,,,,,,,,
JSL,2026-05-29,727.2,676.05,685.1,3368094,,,,,,,,
JSWCEMENT,2026-05-22,142.5,130.1,137.99,108481624,,,,,,,,
JSWCEMENT,2026-05-25,141.9,133.2,134.77,32295241,,,,,,,,
JSWCEMENT,2026-05-26,137.38,130.85,131.48,8015101,,,,,,,,
JSWCEMENT,2026-05-27,135.67,129.93,130.73,5433076,,,,,,,,
JSWCEMENT,2026-05-29,133.19,128.57,129.63,3731743,,,,,,,,
JSWDULUX,2026-05-22,2919.9,2880.0,2897.0,4467,,,,,,,,
JSWDULUX,2026-05-25,2980.0,2900.0,2937.6,15598,,,,,,,,
JSWDULUX,2026-05-26,2951.2,2901.0,2909.7,71671,,,,,,,,
JSWDULUX,2026-05-27,2915.6,2884.0,2905.6,20769,,,,,,,,
JSWDULUX,2026-05-29,3170.6,2905.0,3151.8,377196,,,,,,,,
JSWENERGY,2026-05-22,553.8,545.45,551.25,1802387,,,,,,,,
JSWENERGY,2026-05-25,559.5,551.65,557.05,2566491,,,,,,,,
JSWENERGY,2026-05-26,580.95,553.35,576.0,6108184,,,,,,,,
JSWENERGY,2026-05-27,608.9,579.1,602.05,10917970,,,,,,,,
JSWENERGY,2026-05-29,617.35,592.1,595.05,11039282,,,,,,,,
JSWINFRA,2026-05-22,279.0,268.25,274.6,3608661,,,,,,,,
JSWINFRA,2026-05-25,281.75,276.55,277.65,1574575,,,,,,,,
JSWINFRA,2026-05-26,281.65,276.05,278.95,1183358,,,,,,,,
JSWINFRA,2026-05-27,284.75,278.4,279.55,1587232,,,,,,,,
JSWINFRA,2026-05-29,284.0,272.1,275.3,2487702,,,,,,,,
JSWSTEEL,2026-05-22,1289.9,1278.1,1285.5,588674,,,,,,,,
JSWSTEEL,2026-05-25,1297.4,1284.0,1289.4,922291,,,,,,,,
JSWSTEEL,2026-05-26,1301.0,1282.7,1293.6,1712866,,,,,,,,
JSWSTEEL,2026-05-27,1328.0,1295.0,1309.3,2030720,,,,,,,,
JSWSTEEL,2026-05-29,1312.2,1270.3,1278.0,3129836,,,,,,,,
JUBLFOOD,2026-05-22,439.65,428.65,436.65,5199265,,,,,,,,
JUBLFOOD,2026-05-25,446.25,436.1,438.75,5413480,,,,,,,,
JUBLFOOD,2026-05-26,440.2,428.25,430.05,4452681,,,,,,,,
JUBLFOOD,2026-05-27,433.85,425.4,427.3,1296399,,,,,,,,
JUBLFOOD,2026-05-29,437.75,422.15,427.5,41607027,,,,,,,,
JUBLINGREA,2026-05-22,756.05,718.2,727.75,182992,,,,,,,,
JUBLINGREA,2026-05-25,735.0,719.8,731.8,123994,,,,,,,,
JUBLINGREA,2026-05-26,739.0,676.0,697.05,1109411,,,,,,,,
JUBLINGREA,2026-05-27,715.0,675.2,680.45,555634,,,,,,,,
JUBLINGREA,2026-05-29,687.35,636.0,646.2,590562,,,,,,,,
JUBLPHARMA,2026-05-22,1025.0,988.0,1006.35,531866,,,,,,,,
JUBLPHARMA,2026-05-25,1014.9,955.25,1007.25,373034,,,,,,,,
JUBLPHARMA,2026-05-26,1002.75,983.35,985.2,115833,,,,,,,,
JUBLPHARMA,2026-05-27,993.95,977.45,991.75,60216,,,,,,,,
JUBLPHARMA,2026-05-29,1002.65,978.55,995.0,149716,,,,,,,,
JWL,2026-05-22,278.95,275.0,276.95,580152,,,,,,,,
JWL,2026-05-25,303.9,280.0,296.3,15773314,,,,,,,,
JWL,2026-05-26,296.8,288.0,289.75,1833354,,,,,,,,
JWL,2026-05-27,308.5,286.95,298.5,7848309,,,,,,,,
JWL,2026-05-29,303.65,287.05,290.75,2893884,,,,,,,,
JYOTICNC,2026-05-22,688.2,664.25,668.0,1214710,,,,,,,,
JYOTICNC,2026-05-25,683.4,669.4,670.7,788985,,,,,,,,
JYOTICNC,2026-05-26,673.35,659.0,660.25,676221,,,,,,,,
JYOTICNC,2026-05-27,679.2,648.1,656.95,1153909,,,,,,,,
JYOTICNC,2026-05-29,670.0,587.0,596.0,10148134,,,,,,,,
KAJARIACER,2026-05-22,1075.9,1055.5,1059.2,150617,,,,,,,,
KAJARIACER,2026-05-25,1075.8,1066.1,1070.0,439337,,,,,,,,
KAJARIACER,2026-05-26,1085.1,1061.4,1065.9,233368,,,,,,,,
KAJARIACER,2026-05-27,1088.9,1063.7,1081.4,354246,,,,,,,,
KAJARIACER,2026-05-29,1099.0,1060.5,1072.6,375752,,,,,,,,
KALYANKJIL,2026-05-22,359.45,351.0,352.4,5989566,,,,,,,,
KALYANKJIL,2026-05-25,360.25,355.3,357.85,3657122,,,,,,,,
KALYANKJIL,2026-05-26,358.2,352.35,355.45,3012372,,,,,,,,
KALYANKJIL,2026-05-27,357.8,352.7,354.75,2019909,,,,,,,,
KALYANKJIL,2026-05-29,365.9,350.45,355.05,52597584,,,,,,,,
KARURVYSYA,2026-05-22,290.25,287.0,288.05,827184,,,,,,,,
KARURVYSYA,2026-05-25,294.2,290.75,292.0,1115224,,,,,,,,
KARURVYSYA,2026-05-26,295.0,291.05,293.35,1108147,,,,,,,,
KARURVYSYA,2026-05-27,295.0,285.0,294.05,2533650,,,,,,,,
KARURVYSYA,2026-05-29,296.8,287.0,288.75,2006790,,,,,,,,
KAYNES,2026-05-22,3330.0,3191.0,3321.4,2181529,,,,,,,,
KAYNES,2026-05-25,3410.0,3301.0,3400.4,1421568,,,,,,,,
KAYNES,2026-05-26,3418.1,3260.0,3299.0,2785242,,,,,,,,
KAYNES,2026-05-27,3336.0,3220.0,3229.6,1223825,,,,,,,,
KAYNES,2026-05-29,3269.0,3122.5,3133.6,1268705,,,,,,,,
KEC,2026-05-22,490.8,481.6,485.05,930836,,,,,,,,
KEC,2026-05-25,509.0,490.0,507.55,2242729,,,,,,,,
KEC,2026-05-26,509.15,497.05,499.1,872376,,,,,,,,
KEC,2026-05-27,511.3,498.5,502.5,2084826,,,,,,,,
KEC,2026-05-29,507.35,495.1,499.65,744063,,,,,,,,
KEI,2026-05-22,5325.0,5232.6,5260.5,410075,,,,,,,,
KEI,2026-05-25,5345.0,5264.0,5281.5,239111,,,,,,,,
KEI,2026-05-26,5328.9,5267.2,5305.5,239510,,,,,,,,
KEI,2026-05-27,5455.0,5306.4,5446.2,328358,,,,,,,,
KEI,2026-05-29,5476.3,5230.0,5267.5,348840,,,,,,,,
KFINTECH,2026-05-22,838.1,815.5,817.6,950350,,,,,,,,
KFINTECH,2026-05-25,837.2,821.0,829.4,1252239,,,,,,,,
KFINTECH,2026-05-26,845.0,822.6,837.05,1309160,,,,,,,,
KFINTECH,2026-05-27,867.25,838.85,848.15,1236465,,,,,,,,
KFINTECH,2026-05-29,876.9,849.55,857.75,1492069,,,,,,,,
KIMS,2026-05-22,775.0,757.15,764.1,170196,,,,,,,,
KIMS,2026-05-25,769.95,744.05,756.8,233184,,,,,,,,
KIMS,2026-05-26,774.5,749.95,767.75,289953,,,,,,,,
KIMS,2026-05-27,789.9,753.65,784.45,340290,,,,,,,,
KIMS,2026-05-29,787.9,751.1,758.85,361245,,,,,,,,
KIRLOSENG,2026-05-22,1703.9,1647.0,1671.0,266186,,,,,,,,
KIRLOSENG,2026-05-25,1737.9,1656.3,1702.8,384673,,,,,,,,
KIRLOSENG,2026-05-26,1774.9,1696.0,1750.8,487883,,,,,,,,
KIRLOSENG,2026-05-27,1836.0,1745.1,1830.0,618271,,,,,,,,
KIRLOSENG,2026-05-29,1943.7,1821.9,1928.0,1104553,,,,,,,,
KOTAKBANK,2026-05-22,386.3,381.0,384.15,10348359,,,,,,,,
KOTAKBANK,2026-05-25,395.15,387.25,392.85,15571552,,,,,,,,
KOTAKBANK,2026-05-26,394.95,387.0,388.65,15059212,,,,,,,,
KOTAKBANK,2026-05-27,390.5,386.7,388.7,9326451,,,,,,,,
KOTAKBANK,2026-05-29,392.55,381.25,384.2,40109830,,,,,,,,
KPIL,2026-05-22,1327.0,1260.2,1267.5,337309,,,,,,,,
KPIL,2026-05-25,1283.8,1259.5,1273.0,91804,,,,,,,,
KPIL,2026-05-26,1304.1,1271.7,1297.1,187883,,,,,,,,
KPIL,2026-05-27,1314.2,1268.2,1274.4,146423,,,,,,,,
KPIL,2026-05-29,1322.7,1269.9,1305.0,382079,,,,,,,,
KPITTECH,2026-05-22,764.5,744.4,751.05,1465191,,,,,,,,
KPITTECH,2026-05-25,772.65,753.95,756.6,1495776,,,,,,,,
KPITTECH,2026-05-26,797.5,753.95,784.7,2237901,,,,,,,,
KPITTECH,2026-05-27,795.0,766.25,771.8,1268829,,,,,,,,
KPITTECH,2026-05-29,793.95,764.35,771.95,1432401,,,,,,,,
KPRMILL,2026-05-22,958.45,938.1,941.7,88765,,,,,,,,
KPRMILL,2026-05-25,963.0,937.05,950.45,144424,,,,,,,,
KPRMILL,2026-05-26,958.9,938.6,946.25,90506,,,,,,,,
KPRMILL,2026-05-27,955.05,933.0,937.55,139173,,,,,,,,
KPRMILL,2026-05-29,988.2,930.55,966.5,317957,,,,,,,,
LALPATHLAB,2026-05-22,1680.8,1618.0,1630.1,194073,,,,,,,,
LALPATHLAB,2026-05-25,1651.5,1588.0,1614.9,197958,,,,,,,,
LALPATHLAB,2026-05-26,1639.0,1591.5,1604.0,461696,,,,,,,,
LALPATHLAB,2026-05-27,1636.8,1592.0,1617.2,202603,,,,,,,,
LALPATHLAB,2026-05-29,1638.1,1585.9,1607.4,414912,,,,,,,,
LATENTVIEW,2026-05-22,331.85,317.4,326.5,1256394,,,,,,,,
LATENTVIEW,2026-05-25,331.75,320.45,322.05,521673,,,,,,,,
LATENTVIEW,2026-05-26,323.75,314.6,315.75,507184,,,,,,,,
LATENTVIEW,2026-05-27,322.3,314.55,316.9,404609,,,,,,,,
LATENTVIEW,2026-05-29,331.2,317.0,322.55,1551946,,,,,,,,
LAURUSLABS,2026-05-22,1355.7,1332.1,1343.5,1698593,,,,,,,,
LAURUSLABS,2026-05-25,1363.9,1340.0,1356.3,1632496,,,,,,,,
LAURUSLABS,2026-05-26,1376.9,1357.0,1373.9,1754325,,,,,,,,
LAURUSLABS,2026-05-27,1391.5,1365.1,1381.7,1311180,,,,,,,,
LAURUSLABS,2026-05-29,1393.4,1356.4,1362.0,1775559,,,,,,,,
LEMONTREE,2026-05-22,113.8,111.74,113.31,1518533,,,,,,,,
LEMONTREE,2026-05-25,118.31,114.1,116.76,3329696,,,,,,,,
LEMONTREE,2026-05-26,118.95,116.17,117.21,2102140,,,,,,,,
LEMONTREE,2026-05-27,120.44,116.26,119.58,2049788,,,,,,,,
LEMONTREE,2026-05-29,121.98,113.17,113.95,7558587,,,,,,,,
LENSKART,2026-05-22,516.0,500.0,513.95,7916620,,,,,,,,
LENSKART,2026-05-25,518.7,500.3,503.75,4317635,,,,,,,,
LENSKART,2026-05-26,518.0,505.35,510.75,7710789,,,,,,,,
LENSKART,2026-05-27,525.0,503.35,521.0,5156821,,,,,,,,
LENSKART,2026-05-29,531.6,518.55,523.85,3942099,,,,,,,,
LGEINDIA,2026-05-22,1499.9,1462.4,1490.5,1548242,,,,,,,,
LGEINDIA,2026-05-25,1548.9,1499.4,1534.4,679543,,,,,,,,
LGEINDIA,2026-05-26,1544.4,1513.0,1517.4,360975,,,,,,,,
LGEINDIA,2026-05-27,1534.5,1516.7,1526.3,356332,,,,,,,,
LGEINDIA,2026-05-29,1533.0,1500.0,1523.9,618907,,,,,,,,
LICHSGFIN,2026-05-22,543.45,536.3,539.2,993024,,,,,,,,
LICHSGFIN,2026-05-25,546.25,538.9,543.45,1091350,,,,,,,,
LICHSGFIN,2026-05-26,548.15,540.0,544.15,666052,,,,,,,,
LICHSGFIN,2026-05-27,559.45,543.45,556.45,1206626,,,,,,,,
LICHSGFIN,2026-05-29,564.95,531.05,533.15,1618769,,,,,,,,
LICI,2026-05-22,839.0,809.65,812.95,18803486,,,,,,,,
LICI,2026-05-25,846.5,821.45,837.35,4946135,,,,,,,,
LICI,2026-05-26,857.1,834.25,854.9,4073338,,,,,,,,
LICI,2026-05-27,855.0,818.85,830.0,5643800,,,,,,,,
LICI,2026-05-29,421.45,410.0,411.35,5247712,,,,,,,,
LINDEINDIA,2026-05-22,7380.0,7181.5,7222.0,24073,,,,,,,,
LINDEINDIA,2026-05-25,7428.0,7239.5,7255.0,18858,,,,,,,,
LINDEINDIA,2026-05-26,7360.0,7225.5,7248.5,19246,,,,,,,,
LINDEINDIA,2026-05-27,7340.0,7200.0,7259.0,29703,,,,,,,,
LINDEINDIA,2026-05-29,7638.0,7136.0,7204.5,143448,,,,,,,,
LLOYDSME,2026-05-22,1742.8,1708.0,1737.3,399225,,,,,,,,
LLOYDSME,2026-05-25,1808.4,1747.6,1801.4,943695,,,,,,,,
LLOYDSME,2026-05-26,1868.0,1809.6,1853.7,961930,,,,,,,,
LLOYDSME,2026-05-27,1888.6,1850.0,1858.8,586714,,,,,,,,
LLOYDSME,2026-05-29,1864.9,1800.0,1802.1,649536,,,,,,,,
LODHA,2026-05-22,894.2,875.0,886.75,1018152,,,,,,,,
LODHA,2026-05-25,909.85,897.05,906.85,1152800,,,,,,,,
LODHA,2026-05-26,912.5,899.85,903.7,2158528,,,,,,,,
LODHA,2026-05-27,935.0,903.8,923.65,2513863,,,,,,,,
LODHA,2026-05-29,969.0,923.6,938.1,9135214,,,,,,,,
LT,2026-05-22,3960.0,3900.1,3926.6,1330428,,,,,,,,
LT,2026-05-25,4038.4,3961.5,4033.4,2099927,,,,,,,,
LT,2026-05-26,4052.9,4014.2,4037.8,1552847,,,,,,,,
LT,2026-05-27,4069.9,4017.9,4047.5,1607028,,,,,,,,
LT,2026-05-29,4128.0,4045.0,4076.5,4882940,,,,,,,,
LTF,2026-05-22,271.55,262.75,270.15,6958075,,,,,,,,
LTF,2026-05-25,280.8,272.5,279.35,4498651,,,,,,,,
LTF,2026-05-26,284.65,278.65,282.7,4067157,,,,,,,,
LTF,2026-05-27,284.6,280.5,281.7,1908996,,,,,,,,
LTF,2026-05-29,289.4,281.1,286.6,10147089,,,,,,,,
LTFOODS,2026-05-22,403.95,395.2,396.45,290984,,,,,,,,
LTFOODS,2026-05-25,407.65,399.0,405.35,197627,,,,,,,,
LTFOODS,2026-05-26,415.75,404.1,410.45,300355,,,,,,,,
LTFOODS,2026-05-27,411.15,404.0,404.7,166028,,,,,,,,
LTFOODS,2026-05-29,411.0,388.5,392.1,452284,,,,,,,,
LTM,2026-05-22,4139.2,4000.0,4007.8,499528,,,,,,,,
LTM,2026-05-25,4008.9,3901.0,3991.6,541005,,,,,,,,
LTM,2026-05-26,4050.0,3946.2,3970.4,333239,,,,,,,,
LTM,2026-05-27,4023.0,3961.5,3988.6,193654,,,,,,,,
LTM,2026-05-29,4149.4,4011.6,4061.6,1338486,,,,,,,,
LTTS,2026-05-22,3565.0,3407.0,3419.3,120238,,,,,,,,
LTTS,2026-05-25,3582.4,3435.0,3546.2,113653,,,,,,,,
LTTS,2026-05-26,3577.0,3516.1,3540.7,39254,,,,,,,,
LTTS,2026-05-27,3559.6,3479.8,3491.6,48055,,,,,,,,
LTTS,2026-05-29,3596.6,3390.7,3432.4,107585,,,,,,,,
LUPIN,2026-05-22,2304.5,2270.0,2281.8,1225221,,,,,,,,
LUPIN,2026-05-25,2294.0,2269.8,2287.2,773725,,,,,,,,
LUPIN,2026-05-26,2294.0,2250.0,2266.0,889172,,,,,,,,
LUPIN,2026-05-27,2292.2,2250.5,2276.4,568728,,,,,,,,
LUPIN,2026-05-29,2301.4,2256.2,2267.7,2937904,,,,,,,,
M&M,2026-05-22,3131.7,3072.6,3081.3,2407171,,,,,,,,
M&M,2026-05-25,3173.7,3111.4,3139.0,2423710,,,,,,,,
M&M,2026-05-26,3159.2,3103.0,3107.3,1791919,,,,,,,,
M&M,2026-05-27,3141.3,3104.0,3121.6,1408612,,,,,,,,
M&M,2026-05-29,3150.8,3005.1,3045.6,11402867,,,,,,,,
M&MFIN,2026-05-22,303.8,294.3,299.55,3169694,,,,,,,,
M&MFIN,2026-05-25,313.6,302.0,308.55,2930179,,,,,,,,
M&MFIN,2026-05-26,314.95,304.5,305.1,2145536,,,,,,,,
M&MFIN,2026-05-27,306.95,301.45,305.2,1204418,,,,,,,,
M&MFIN,2026-05-29,309.45,300.9,303.65,3373271,,,,,,,,
MAHABANK,2026-05-22,80.45,79.01,80.04,13186459,,,,,,,,
MAHABANK,2026-05-25,82.2,80.71,81.17,11362497,,,,,,,,
MAHABANK,2026-05-26,81.75,79.81,80.18,13667175,,,,,,,,
MAHABANK,2026-05-27,80.25,79.6,80.08,7325388,,,,,,,,
MAHABANK,2026-05-29,80.7,78.4,79.27,11912803,,,,,,,,
MANAPPURAM,2026-05-22,326.95,320.15,324.1,5037773,,,,,,,,
MANAPPURAM,2026-05-25,334.0,325.0,325.65,3098869,,,,,,,,
MANAPPURAM,2026-05-26,331.85,324.3,330.25,1894465,,,,,,,,
MANAPPURAM,2026-05-27,330.05,327.2,328.75,1660735,,,,,,,,
MANAPPURAM,2026-05-29,332.25,323.5,325.4,2700070,,,,,,,,
MANKIND,2026-05-22,2596.0,2472.3,2479.4,680384,,,,,,,,
MANKIND,2026-05-25,2510.0,2439.7,2457.5,645837,,,,,,,,
MANKIND,2026-05-26,2457.1,2408.5,2423.6,442713,,,,,,,,
MANKIND,2026-05-27,2438.0,2405.3,2420.4,424138,,,,,,,,
MANKIND,2026-05-29,2468.8,2363.2,2375.6,2347838,,,,,,,,
MAPMYINDIA,2026-05-22,899.0,854.1,860.75,455225,,,,,,,,
MAPMYINDIA,2026-05-25,883.0,862.0,865.95,193921,,,,,,,,
MAPMYINDIA,2026-05-26,871.1,840.1,842.8,270859,,,,,,,,
MAPMYINDIA,2026-05-27,857.85,828.05,845.4,271484,,,,,,,,
MAPMYINDIA,2026-05-29,853.55,811.0,819.75,548328,,,,,,,,
MARICO,2026-05-22,837.95,823.0,824.45,998448,,,,,,,,
MARICO,2026-05-25,834.0,812.0,823.35,1118732,,,,,,,,
MARICO,2026-05-26,835.0,820.65,830.0,2110705,,,,,,,,
MARICO,2026-05-27,845.0,829.75,833.8,986465,,,,,,,,
MARICO,2026-05-29,841.65,817.1,821.7,7257304,,,,,,,,
MARUTI,2026-05-22,13152.0,12974.0,12987.0,387975,,,,,,,,
MARUTI,2026-05-25,13236.0,13101.0,13170.0,276553,,,,,,,,
MARUTI,2026-05-26,13329.0,13134.0,13208.0,256901,,,,,,,,
MARUTI,2026-05-27,13417.0,13102.0,13364.0,322020,,,,,,,,
MARUTI,2026-05-29,13508.0,13050.0,13127.0,963291,,,,,,,,
MAXHEALTH,2026-05-22,1068.25,1011.0,1023.25,11711405,,,,,,,,
MAXHEALTH,2026-05-25,1029.45,994.0,1000.85,3847234,,,,,,,,
MAXHEALTH,2026-05-26,1000.9,987.15,993.95,2515276,,,,,,,,
MAXHEALTH,2026-05-27,1000.0,979.8,993.45,2621505,,,,,,,,
MAXHEALTH,2026-05-29,1002.95,955.0,965.1,15388949,,,,,,,,
MAZDOCK,2026-05-22,2481.0,2446.0,2469.1,603666,,,,,,,,
MAZDOCK,2026-05-25,2503.9,2460.7,2470.2,810730,,,,,,,,
MAZDOCK,2026-05-26,2487.5,2444.2,2460.1,609775,,,,,,,,
MAZDOCK,2026-05-27,2479.7,2444.0,2455.1,525423,,,,,,,,
MAZDOCK,2026-05-29,2534.0,2430.5,2456.5,1843801,,,,,,,,
MCX,2026-05-22,3357.3,3257.3,3269.9,2710869,,,,,,,,
MCX,2026-05-25,3345.0,3240.0,3313.9,2400665,,,,,,,,
MCX,2026-05-26,3347.0,3290.0,3307.3,1955204,,,,,,,,
MCX,2026-05-27,3322.7,3150.8,3158.5,2992806,,,,,,,,
MCX,2026-05-29,3177.0,2906.2,2954.5,17655814,,,,,,,,
MEDANTA,2026-05-22,1250.0,1231.3,1238.1,75889,,,,,,,,
MEDANTA,2026-05-25,1266.5,1236.6,1249.3,128101,,,,,,,,
MEDANTA,2026-05-26,1259.0,1223.0,1228.8,221863,,,,,,,,
MEDANTA,2026-05-27,1238.0,1202.5,1207.8,149495,,,,,,,,
MEDANTA,2026-05-29,1232.9,1170.0,1189.0,161671,,,,,,,,
MEESHO,2026-05-22,199.9,192.01,199.01,11344543,,,,,,,,
MEESHO,2026-05-25,201.8,195.0,196.32,10708749,,,,,,,,
MEESHO,2026-05-26,197.27,192.5,193.21,6727190,,,,,,,,
MEESHO,2026-05-27,193.49,184.14,187.98,10986915,,,,,,,,
MEESHO,2026-05-29,188.0,182.2,183.3,10366317,,,,,,,,
MFSL,2026-05-22,1687.2,1623.3,1680.0,1105535,,,,,,,,
MFSL,2026-05-25,1735.4,1671.3,1726.8,509868,,,,,,,,
MFSL,2026-05-26,1748.0,1714.2,1725.6,890169,,,,,,,,
MFSL,2026-05-27,1725.7,1674.2,1682.3,696946,,,,,,,,
MFSL,2026-05-29,1689.3,1653.6,1674.0,805981,,,,,,,,
MGL,2026-05-22,1062.1,1036.7,1054.8,139766,,,,,,,,
MGL,2026-05-25,1084.5,1057.5,1074.9,182335,,,,,,,,
MGL,2026-05-26,1109.6,1073.7,1096.0,204283,,,,,,,,
MGL,2026-05-27,1105.6,1092.2,1103.2,89498,,,,,,,,
MGL,2026-05-29,1121.0,1074.0,1095.0,571325,,,,,,,,
MINDACORP,2026-05-22,590.0,532.05,574.65,3251243,,,,,,,,
MINDACORP,2026-05-25,603.75,577.0,585.35,2597068,,,,,,,,
MINDACORP,2026-05-26,613.4,579.5,594.95,1366900,,,,,,,,
MINDACORP,2026-05-27,632.3,594.95,623.85,2232069,,,,,,,,
MINDACORP,2026-05-29,635.0,618.65,624.4,1349391,,,,,,,,
MMTC,2026-05-22,65.99,63.28,64.31,2749299,,,,,,,,
MMTC,2026-05-25,65.67,64.57,64.86,1797317,,,,,,,,
MMTC,2026-05-26,66.46,64.66,65.04,2405995,,,,,,,,
MMTC,2026-05-27,67.23,65.11,65.99,2934441,,,,,,,,
MMTC,2026-05-29,66.43,64.31,64.88,1768441,,,,,,,,
MOTHERSON,2026-05-22,139.01,134.3,136.18,34327232,,,,,,,,
MOTHERSON,2026-05-25,138.75,135.11,135.91,15957403,,,,,,,,
MOTHERSON,2026-05-26,137.65,134.85,135.82,13243802,,,,,,,,
MOTHERSON,2026-05-27,146.7,134.65,142.41,50082550,,,,,,,,
MOTHERSON,2026-05-29,151.77,140.08,145.74,84670792,,,,,,,,
MOTILALOFS,2026-05-22,851.75,837.0,849.45,565809,,,,,,,,
MOTILALOFS,2026-05-25,873.6,851.0,870.3,768532,,,,,,,,
MOTILALOFS,2026-05-26,894.0,864.2,870.55,1411325,,,,,,,,
MOTILALOFS,2026-05-27,909.0,872.8,894.1,1740516,,,,,,,,
MOTILALOFS,2026-05-29,903.3,875.5,879.5,696554,,,,,,,,
MPHASIS,2026-05-22,2247.9,2173.6,2222.4,396197,,,,,,,,
MPHASIS,2026-05-25,2270.0,2225.0,2244.0,190879,,,,,,,,
MPHASIS,2026-05-26,2288.9,2240.5,2265.3,297568,,,,,,,,
MPHASIS,2026-05-27,2288.3,2224.1,2232.9,241776,,,,,,,,
MPHASIS,2026-05-29,2309.0,2259.9,2271.4,1301407,,,,,,,,
MRF,2026-05-22,127330.0,125800.0,126785.0,5408,,,,,,,,
MRF,2026-05-25,129390.0,127175.0,128655.0,6716,,,,,,,,
MRF,2026-05-26,129200.0,127000.0,127160.0,5582,,,,,,,,
MRF,2026-05-27,127760.0,126900.0,127040.0,2911,,,,,,,,
MRF,2026-05-29,127590.0,122000.0,123420.0,17159,,,,,,,,
MRPL,2026-05-22,151.29,148.1,148.98,2213859,,,,,,,,
MRPL,2026-05-25,153.59,150.9,151.84,3291635,,,,,,,,
MRPL,2026-05-26,152.49,150.17,151.2,1749063,,,,,,,,
MRPL,2026-05-27,152.1,148.51,150.41,3381631,,,,,,,,
MRPL,2026-05-29,151.37,143.5,144.96,2928626,,,,,,,,
MSUMI,2026-05-22,40.3,39.58,39.66,2756164,,,,,,,,
MSUMI,2026-05-25,40.72,39.25,39.32,6636708,,,,,,,,
MSUMI,2026-05-26,40.01,39.08,39.23,4806920,,,,,,,,
MSUMI,2026-05-27,39.91,39.11,39.7,5736830,,,,,,,,
MSUMI,2026-05-29,39.94,38.78,38.97,9818726,,,,,,,,
MUTHOOTFIN,2026-05-22,3307.7,3251.0,3296.7,367680,,,,,,,,
MUTHOOTFIN,2026-05-25,3375.9,3316.7,3354.4,578727,,,,,,,,
MUTHOOTFIN,2026-05-26,3356.5,3325.0,3331.5,176984,,,,,,,,
MUTHOOTFIN,2026-05-27,3360.0,3301.2,3306.9,168567,,,,,,,,
MUTHOOTFIN,2026-05-29,3388.9,3243.0,3342.9,1954693,,,,,,,,
NAM-INDIA,2026-05-22,1089.0,1064.5,1080.4,888517,,,,,,,,
NAM-INDIA,2026-05-25,1105.0,1090.5,1100.1,555837,,,,,,,,
NAM-INDIA,2026-05-26,1117.7,1085.0,1095.7,979273,,,,,,,,
NAM-INDIA,2026-05-27,1105.0,1085.0,1088.9,538446,,,,,,,,
NAM-INDIA,2026-05-29,1122.0,1075.7,1100.2,2331691,,,,,,,,
NATCOPHARM,2026-05-22,1182.9,1164.6,1169.7,231050,,,,,,,,
NATCOPHARM,2026-05-25,1178.0,1152.3,1173.0,243692,,,,,,,,
NATCOPHARM,2026-05-26,1190.8,1167.1,1186.0,313854,,,,,,,,
NATCOPHARM,2026-05-27,1202.0,1170.3,1175.8,309647,,,,,,,,
NATCOPHARM,2026-05-29,1201.9,1000.0,1015.9,3936884,,,,,,,,
NATIONALUM,2026-05-22,409.75,403.25,409.25,4550854,,,,,,,,
NATIONALUM,2026-05-25,413.3,400.25,403.0,6636144,,,,,,,,
NATIONALUM,2026-05-26,417.9,405.1,416.2,7524355,,,,,,,,
NATIONALUM,2026-05-27,437.75,420.25,433.05,15519448,,,,,,,,
NATIONALUM,2026-05-29,441.5,416.8,424.45,107733950,,,,,,,,
NAUKRI,2026-05-22,985.0,920.1,960.95,9364081,,,,,,,,
NAUKRI,2026-05-25,969.35,908.3,938.5,9279351,,,,,,,,
NAUKRI,2026-05-26,987.0,937.1,980.7,4782697,,,,,,,,
NAUKRI,2026-05-27,1014.3,979.25,1005.65,2690729,,,,,,,,
NAUKRI,2026-05-29,1047.8,982.5,995.0,8551128,,,,,,,,
NAVA,2026-05-22,614.0,601.8,609.05,354282,,,,,,,,
NAVA,2026-05-25,623.95,602.5,613.9,447433,,,,,,,,
NAVA,2026-05-26,620.4,608.0,609.85,313878,,,,,,,,
NAVA,2026-05-27,622.45,613.0,615.0,258001,,,,,,,,
NAVA,2026-05-29,620.0,586.0,592.6,493691,,,,,,,,
NAVINFLUOR,2026-05-22,7175.0,7031.0,7125.0,233718,,,,,,,,
NAVINFLUOR,2026-05-25,7460.0,7179.0,7445.5,369626,,,,,,,,
NAVINFLUOR,2026-05-26,7525.0,7274.0,7396.0,200763,,,,,,,,
NAVINFLUOR,2026-05-27,7470.0,7202.5,7244.5,119235,,,,,,,,
NAVINFLUOR,2026-05-29,7360.0,6970.0,7129.0,252025,,,,,,,,
NBCC,2026-05-22,95.65,92.9,94.82,11193155,,,,,,,,
NBCC,2026-05-25,99.5,95.4,96.79,34422254,,,,,,,,
NBCC,2026-05-26,99.78,94.3,95.55,31029229,,,,,,,,
NBCC,2026-05-27,99.86,95.55,99.1,27016586,,,,,,,,
NBCC,2026-05-29,102.67,99.43,100.26,29675566,,,,,,,,
NCC,2026-05-22,148.98,145.11,146.17,1960007,,,,,,,,
NCC,2026-05-25,151.6,147.21,150.96,1926614,,,,,,,,
NCC,2026-05-26,152.93,149.67,150.05,2017833,,,,,,,,
NCC,2026-05-27,153.9,149.8,152.15,1239054,,,,,,,,
NCC,2026-05-29,154.83,151.3,152.03,1867276,,,,,,,,
NESTLEIND,2026-05-22,1434.6,1401.2,1423.1,1306017,,,,,,,,
NESTLEIND,2026-05-25,1438.9,1410.0,1413.6,812160,,,,,,,,
NESTLEIND,2026-05-26,1431.7,1413.2,1428.6,1472818,,,,,,,,
NESTLEIND,2026-05-27,1443.7,1423.1,1427.5,1114165,,,,,,,,
NESTLEIND,2026-05-29,1444.1,1408.5,1421.5,13063475,,,,,,,,
NETWEB,2026-05-22,3891.0,3820.1,3851.3,594081,,,,,,,,
NETWEB,2026-05-25,3908.6,3792.9,3843.1,770545,,,,,,,,
NETWEB,2026-05-26,3945.0,3832.0,3851.7,877405,,,,,,,,
NETWEB,2026-05-27,4097.7,3854.0,4072.0,1579910,,,,,,,,
NETWEB,2026-05-29,4760.0,4050.2,4670.7,10623544,,,,,,,,
NEULANDLAB,2026-05-22,17250.0,16326.0,16693.0,64311,,,,,,,,
NEULANDLAB,2026-05-25,17000.0,16650.0,16758.0,25774,,,,,,,,
NEULANDLAB,2026-05-26,17399.0,16799.0,17071.0,58286,,,,,,,,
NEULANDLAB,2026-05-27,17360.0,16710.0,16772.0,28207,,,,,,,,
NEULANDLAB,2026-05-29,17170.0,16675.0,17088.0,73932,,,,,,,,
NEWGEN,2026-05-22,448.4,436.15,437.6,650684,,,,,,,,
NEWGEN,2026-05-25,447.7,435.0,435.9,622148,,,,,,,,
NEWGEN,2026-05-26,441.3,432.9,435.95,429538,,,,,,,,
NEWGEN,2026-05-27,447.85,433.25,438.05,699632,,,,,,,,
NEWGEN,2026-05-29,451.95,438.5,442.7,681255,,,,,,,,
NH,2026-05-22,1935.0,1843.7,1855.6,508668,,,,,,,,
NH,2026-05-25,1968.0,1896.1,1940.0,1592052,,,,,,,,
NH,2026-05-26,1946.4,1885.0,1891.4,445589,,,,,,,,
NH,2026-05-27,1927.8,1874.4,1920.2,278363,,,,,,,,
NH,2026-05-29,1944.5,1868.0,1894.0,537699,,,,,,,,
NHPC,2026-05-22,79.3,78.2,78.36,10284991,,,,,,,,
NHPC,2026-05-25,79.49,78.35,79.02,10877480,,,,,,,,
NHPC,2026-05-26,79.02,78.0,78.44,10193541,,,,,,,,
NHPC,2026-05-27,81.0,78.44,80.68,20004108,,,,,,,,
NHPC,2026-05-29,81.69,78.0,78.87,60162141,,,,,,,,
NIACL,2026-05-22,166.45,163.55,164.64,385898,,,,,,,,
NIACL,2026-05-25,168.5,164.23,166.2,841058,,,,,,,,
NIACL,2026-05-26,167.78,162.16,162.76,687695,,,,,,,,
NIACL,2026-05-27,163.9,160.02,160.56,603901,,,,,,,,
NIACL,2026-05-29,161.58,156.56,157.42,541498,,,,,,,,
NIVABUPA,2026-05-22,86.46,83.71,85.99,5879278,,,,,,,,
NIVABUPA,2026-05-25,86.27,83.48,83.96,1557871,,,,,,,,
NIVABUPA,2026-05-26,85.0,83.81,84.08,569160,,,,,,,,
NIVABUPA,2026-05-27,84.49,83.15,83.61,761597,,,,,,,,
NIVABUPA,2026-05-29,85.25,82.9,83.5,1462589,,,,,,,,
NLCINDIA,2026-05-22,353.8,340.9,344.65,3145770,,,,,,,,
NLCINDIA,2026-05-25,352.8,339.55,341.85,2805412,,,,,,,,
NLCINDIA,2026-05-26,356.5,341.6,343.4,7630234,,,,,,,,
NLCINDIA,2026-05-27,355.5,345.1,349.9,5932444,,,,,,,,
NLCINDIA,2026-05-29,362.0,342.2,347.55,10148326,,,,,,,,
NMDC,2026-05-22,88.49,87.29,87.85,15440319,,,,,,,,
NMDC,2026-05-25,90.43,88.51,90.19,15033928,,,,,,,,
NMDC,2026-05-26,91.06,89.58,90.67,17202008,,,,,,,,
NMDC,2026-05-27,92.78,91.13,92.28,24144878,,,,,,,,
NMDC,2026-05-29,93.05,87.39,87.99,50736815,,,,,,,,
NSLNISP,2026-05-22,44.88,43.61,44.16,4673064,,,,,,,,
NSLNISP,2026-05-25,45.6,44.24,45.02,4892816,,,,,,,,
NSLNISP,2026-05-26,46.07,44.9,45.21,8012550,,,,,,,,
NSLNISP,2026-05-27,46.62,45.48,46.01,7945386,,,,,,,,
NSLNISP,2026-05-29,46.57,44.0,44.62,5076368,,,,,,,,
NTPC,2026-05-22,391.5,387.45,388.65,11755213,,,,,,,,
NTPC,2026-05-25,392.8,386.45,390.05,10489850,,,,,,,,
NTPC,2026-05-26,392.25,389.0,389.7,9062218,,,,,,,,
NTPC,2026-05-27,403.1,390.35,398.15,14418621,,,,,,,,
NTPC,2026-05-29,401.65,385.1,386.9,17003143,,,,,,,,
NTPCGREEN,2026-05-22,106.5,104.05,104.39,6368501,,,,,,,,
NTPCGREEN,2026-05-25,104.4,100.31,102.02,12850136,,,,,,,,
NTPCGREEN,2026-05-26,103.64,101.79,103.04,4526976,,,,,,,,
NTPCGREEN,2026-05-27,106.73,103.29,104.33,4365754,,,,,,,,
NTPCGREEN,2026-05-29,106.9,102.01,103.52,8384667,,,,,,,,
NUVAMA,2026-05-22,1509.5,1467.5,1480.9,220152,,,,,,,,
NUVAMA,2026-05-25,1519.0,1480.1,1504.8,402061,,,,,,,,
NUVAMA,2026-05-26,1534.9,1490.8,1513.4,503960,,,,,,,,
NUVAMA,2026-05-27,1541.7,1505.1,1537.2,338454,,,,,,,,
NUVAMA,2026-05-29,1577.3,1522.2,1554.6,665522,,,,,,,,
NUVOCO,2026-05-22,332.0,319.8,320.9,197468,,,,,,,,
NUVOCO,2026-05-25,332.1,321.75,324.15,202424,,,,,,,,
NUVOCO,2026-05-26,329.65,320.0,327.5,212868,,,,,,,,
NUVOCO,2026-05-27,333.0,325.1,331.75,218036,,,,,,,,
NUVOCO,2026-05-29,365.75,334.05,348.65,5329817,,,,,,,,
NYKAA,2026-05-22,285.6,269.05,277.25,31687149,,,,,,,,
NYKAA,2026-05-25,281.0,267.7,270.05,8228260,,,,,,,,
NYKAA,2026-05-26,271.9,265.2,266.35,7379166,,,,,,,,
NYKAA,2026-05-27,267.9,261.0,263.15,5470638,,,,,,,,
NYKAA,2026-05-29,265.25,259.05,262.3,19333644,,,,,,,,
OBEROIRLTY,2026-05-22,1678.0,1633.7,1659.6,286005,,,,,,,,
OBEROIRLTY,2026-05-25,1720.0,1671.0,1712.4,618288,,,,,,,,
OBEROIRLTY,2026-05-26,1718.0,1685.1,1693.7,352712,,,,,,,,
OBEROIRLTY,2026-05-27,1710.2,1681.1,1692.6,326144,,,,,,,,
OBEROIRLTY,2026-05-29,1744.0,1684.2,1707.1,1489810,,,,,,,,
OFSS,2026-05-22,9770.0,9454.5,9525.0,200614,,,,,,,,
OFSS,2026-05-25,9837.5,9500.0,9703.0,184137,,,,,,,,
OFSS,2026-05-26,9917.0,9594.0,9882.0,259841,,,,,,,,
OFSS,2026-05-27,10380.5,9911.0,10299.5,450281,,,,,,,,
OFSS,2026-05-29,10584.5,9900.0,9964.0,682054,,,,,,,,
OIL,2026-05-22,507.0,498.4,499.75,1951342,,,,,,,,
OIL,2026-05-25,493.9,481.0,482.55,3887162,,,,,,,,
OIL,2026-05-26,496.45,483.2,492.1,3000663,,,,,,,,
OIL,2026-05-27,491.3,484.5,488.0,1177761,,,,,,,,
OIL,2026-05-29,487.65,472.3,476.15,9869236,,,,,,,,
OLAELEC,2026-05-22,36.83,35.32,36.01,78171002,,,,,,,,
OLAELEC,2026-05-25,38.15,36.36,37.89,96157095,,,,,,,,
OLAELEC,2026-05-26,38.4,37.37,37.58,68553911,,,,,,,,
OLAELEC,2026-05-27,39.49,37.46,39.24,133987597,,,,,,,,
OLAELEC,2026-05-29,42.88,39.65,41.49,326178767,,,,,,,,
OLECTRA,2026-05-22,1224.9,1202.9,1207.7,249774,,,,,,,,
OLECTRA,2026-05-25,1242.9,1214.4,1218.7,338900,,,,,,,,
OLECTRA,2026-05-26,1243.9,1214.0,1229.9,343711,,,,,,,,
OLECTRA,2026-05-27,1239.8,1223.3,1227.8,302931,,,,,,,,
OLECTRA,2026-05-29,1239.0,1166.4,1180.0,482544,,,,,,,,
ONESOURCE,2026-05-22,1873.9,1821.0,1834.5,118093,,,,,,,,
ONESOURCE,2026-05-25,1844.5,1780.2,1806.8,296548,,,,,,,,
ONESOURCE,2026-05-26,1823.9,1773.0,1805.6,181183,,,,,,,,
ONESOURCE,2026-05-27,1821.9,1760.4,1791.1,155030,,,,,,,,
ONESOURCE,2026-05-29,1888.4,1771.6,1824.6,604575,,,,,,,,
ONGC,2026-05-22,296.8,289.4,290.0,11563330,,,,,,,,
ONGC,2026-05-25,289.95,284.3,284.95,12837047,,,,,,,,
ONGC,2026-05-26,289.65,284.0,287.5,10629491,,,,,,,,
ONGC,2026-05-27,284.2,272.45,274.05,29178516,,,,,,,,
ONGC,2026-05-29,276.05,261.55,265.4,74403401,,,,,,,,
PAGEIND,2026-05-22,40490.0,38320.0,39455.0,141220,,,,,,,,
PAGEIND,2026-05-25,40140.0,38450.0,38545.0,32772,,,,,,,,
PAGEIND,2026-05-26,38695.0,38095.0,38305.0,12995,,,,,,,,
PAGEIND,2026-05-27,38410.0,37930.0,38145.0,14501,,,,,,,,
PAGEIND,2026-05-29,38680.0,37630.0,38195.0,84377,,,,,,,,
PARADEEP,2026-05-22,129.49,123.14,127.19,6195579,,,,,,,,
PARADEEP,2026-05-25,131.48,126.51,128.61,4319832,,,,,,,,
PARADEEP,2026-05-26,130.99,127.1,127.64,3468425,,,,,,,,
PARADEEP,2026-05-27,129.44,126.33,126.89,3098367,,,,,,,,
PARADEEP,2026-05-29,127.99,124.85,125.96,2395161,,,,,,,,
PATANJALI,2026-05-22,468.45,460.4,463.45,1314806,,,,,,,,
PATANJALI,2026-05-25,470.4,463.5,468.45,2069309,,,,,,,,
PATANJALI,2026-05-26,469.5,462.5,465.75,1730797,,,,,,,,
PATANJALI,2026-05-27,466.75,452.0,454.75,1174899,,,,,,,,
PATANJALI,2026-05-29,460.45,449.3,456.2,3322253,,,,,,,,
PAYTM,2026-05-22,1161.0,1110.0,1112.4,4094406,,,,,,,,
PAYTM,2026-05-25,1128.0,1094.1,1097.4,1785715,,,,,,,,
PAYTM,2026-05-26,1136.5,1098.6,1131.6,3441433,,,,,,,,
PAYTM,2026-05-27,1157.8,1124.0,1128.2,2189509,,,,,,,,
PAYTM,2026-05-29,1141.0,1112.0,1118.8,3065803,,,,,,,,
PCBL,2026-05-22,297.75,285.05,293.2,876515,,,,,,,,
PCBL,2026-05-25,298.0,292.3,294.25,654014,,,,,,,,
PCBL,2026-05-26,295.5,288.75,289.6,524016,,,,,,,,
PCBL,2026-05-27,292.8,285.6,287.5,472249,,,,,,,,
PCBL,2026-05-29,292.9,282.7,289.85,971874,,,,,,,,
PERSISTENT,2026-05-22,5050.1,4925.0,4970.3,459525,,,,,,,,
PERSISTENT,2026-05-25,5077.0,4971.5,5038.0,328328,,,,,,,,
PERSISTENT,2026-05-26,5137.3,5021.0,5105.8,456026,,,,,,,,
PERSISTENT,2026-05-27,5134.4,5064.3,5098.4,206977,,,,,,,,
PERSISTENT,2026-05-29,5278.0,5150.0,5194.3,1393236,,,,,,,,
PETRONET,2026-05-22,279.25,268.3,272.35,1924323,,,,,,,,
PETRONET,2026-05-25,284.25,275.0,282.25,1717013,,,,,,,,
PETRONET,2026-05-26,282.0,277.15,280.2,1669492,,,,,,,,
PETRONET,2026-05-27,280.8,275.8,278.8,1198057,,,,,,,,
PETRONET,2026-05-29,280.25,266.85,271.05,8651681,,,,,,,,
PFC,2026-05-22,434.2,428.7,430.55,3609645,,,,,,,,
PFC,2026-05-25,443.65,435.2,438.9,4616153,,,,,,,,
PFC,2026-05-26,440.9,430.55,433.7,4643484,,,,,,,,
PFC,2026-05-27,435.65,429.25,433.5,3288554,,,,,,,,
PFC,2026-05-29,439.25,425.15,428.6,16317068,,,,,,,,
PFIZER,2026-05-22,4755.0,4638.8,4670.8,20733,,,,,,,,
PFIZER,2026-05-25,4720.0,4658.3,4689.2,11559,,,,,,,,
PFIZER,2026-05-26,4700.0,4626.0,4641.8,13609,,,,,,,,
PFIZER,2026-05-27,4689.2,4610.9,4622.6,12918,,,,,,,,
PFIZER,2026-05-29,4671.7,4570.0,4598.5,16273,,,,,,,,
PGEL,2026-05-22,477.75,464.3,467.0,2436494,,,,,,,,
PGEL,2026-05-25,479.6,470.0,471.25,2811565,,,,,,,,
PGEL,2026-05-26,481.4,465.05,466.95,2188774,,,,,,,,
PGEL,2026-05-27,481.35,465.6,476.05,3911358,,,,,,,,
PGEL,2026-05-29,493.9,458.9,482.55,11009379,,,,,,,,
PHOENIXLTD,2026-05-22,1798.2,1771.3,1790.3,222975,,,,,,,,
PHOENIXLTD,2026-05-25,1816.3,1782.9,1809.6,262431,,,,,,,,
PHOENIXLTD,2026-05-26,1819.3,1774.4,1785.4,270852,,,,,,,,
PHOENIXLTD,2026-05-27,1797.5,1763.6,1771.8,399545,,,,,,,,
PHOENIXLTD,2026-05-29,1792.4,1740.0,1771.2,1303824,,,,,,,,
PIDILITIND,2026-05-22,1484.0,1459.0,1478.4,533048,,,,,,,,
PIDILITIND,2026-05-25,1508.4,1473.1,1477.2,593426,,,,,,,,
PIDILITIND,2026-05-26,1483.0,1467.0,1478.5,454638,,,,,,,,
PIDILITIND,2026-05-27,1486.0,1472.4,1480.7,323780,,,,,,,,
PIDILITIND,2026-05-29,1500.7,1466.5,1482.8,4438929,,,,,,,,
PIIND,2026-05-22,2821.3,2742.0,2781.0,696886,,,,,,,,
PIIND,2026-05-25,2858.0,2786.8,2849.0,297399,,,,,,,,
PIIND,2026-05-26,2859.4,2810.0,2837.9,173447,,,,,,,,
PIIND,2026-05-27,2863.7,2831.0,2847.3,96895,,,,,,,,
PIIND,2026-05-29,2874.0,2750.0,2775.0,1148826,,,,,,,,
PINELABS,2026-05-22,153.95,140.3,142.84,36817039,,,,,,,,
PINELABS,2026-05-25,147.6,137.51,146.2,24633385,,,,,,,,
PINELABS,2026-05-26,152.8,135.52,137.94,75696833,,,,,,,,
PINELABS,2026-05-27,147.31,134.73,145.83,86728367,,,,,,,,
PINELABS,2026-05-29,152.24,143.0,144.51,65636370,,,,,,,,
PIRAMALFIN,2026-05-22,1971.0,1918.0,1959.5,158257,,,,,,,,
PIRAMALFIN,2026-05-25,1976.0,1925.0,1942.9,334116,,,,,,,,
PIRAMALFIN,2026-05-26,1972.5,1935.1,1949.2,333323,,,,,,,,
PIRAMALFIN,2026-05-27,1995.0,1944.0,1985.9,396997,,,,,,,,
PIRAMALFIN,2026-05-29,1985.0,1913.0,1926.8,494359,,,,,,,,
PNB,2026-05-22,102.9,101.95,102.66,13695251,,,,,,,,
PNB,2026-05-25,106.5,103.5,106.26,23250421,,,,,,,,
PNB,2026-05-26,107.2,105.44,105.91,26298361,,,,,,,,
PNB,2026-05-27,107.04,105.58,106.67,11620905,,,,,,,,
PNB,2026-05-29,108.47,105.57,106.05,32063993,,,,,,,,
PNBHOUSING,2026-05-22,1072.6,1047.8,1059.6,1139365,,,,,,,,
PNBHOUSING,2026-05-25,1098.8,1063.1,1085.6,1182448,,,,,,,,
PNBHOUSING,2026-05-26,1098.0,1078.1,1092.6,669294,,,,,,,,
PNBHOUSING,2026-05-27,1105.0,1074.0,1077.9,532208,,,,,,,,
PNBHOUSING,2026-05-29,1086.0,1020.7,1030.5,2065203,,,,,,,,
POLICYBZR,2026-05-22,1825.0,1756.2,1792.4,2414312,,,,,,,,
POLICYBZR,2026-05-25,1831.4,1785.0,1791.5,725634,,,,,,,,
POLICYBZR,2026-05-26,1801.4,1773.3,1789.0,709299,,,,,,,,
POLICYBZR,2026-05-27,1800.9,1773.0,1784.8,418169,,,,,,,,
POLICYBZR,2026-05-29,1769.0,1693.2,1702.5,3301589,,,,,,,,
POLYCAB,2026-05-22,9316.5,9194.0,9263.5,177024,,,,,,,,
POLYCAB,2026-05-25,9424.0,9296.0,9398.5,252126,,,,,,,,
POLYCAB,2026-05-26,9669.5,9358.0,9613.5,424144,,,,,,,,
POLYCAB,2026-05-27,9696.0,9561.0,9664.0,219320,,,,,,,,
POLYCAB,2026-05-29,9747.0,9426.0,9477.5,496089,,,,,,,,
POLYMED,2026-05-22,1606.2,1553.7,1598.2,120612,,,,,,,,
POLYMED,2026-05-25,1634.2,1515.0,1547.2,167446,,,,,,,,
POLYMED,2026-05-26,1500.0,1428.0,1439.8,572506,,,,,,,,
POLYMED,2026-05-27,1450.0,1313.0,1330.3,560563,,,,,,,,
POLYMED,2026-05-29,1397.5,1318.0,1349.7,438114,,,,,,,,
POONAWALLA,2026-05-22,404.45,394.4,399.75,1437363,,,,,,,,
POONAWALLA,2026-05-25,407.0,397.15,398.9,1386495,,,,,,,,
POONAWALLA,2026-05-26,405.0,393.45,396.55,1259333,,,,,,,,
POONAWALLA,2026-05-27,400.2,393.7,394.5,802782,,,,,,,,
POONAWALLA,2026-05-29,398.9,379.05,382.85,2142714,,,,,,,,
POWERGRID,2026-05-22,300.55,293.55,294.3,15105294,,,,,,,,
POWERGRID,2026-05-25,298.5,294.15,295.35,5896815,,,,,,,,
POWERGRID,2026-05-26,295.95,292.05,292.55,5625947,,,,,,,,
POWERGRID,2026-05-27,301.25,292.0,300.15,9883025,,,,,,,,
POWERGRID,2026-05-29,303.0,285.45,290.55,77407363,,,,,,,,
POWERINDIA,2026-05-22,36700.0,35415.0,35555.0,118548,,,,,,,,
POWERINDIA,2026-05-25,36040.0,35030.0,35635.0,139682,,,,,,,,
POWERINDIA,2026-05-26,36495.0,34005.0,35995.0,511899,,,,,,,,
POWERINDIA,2026-05-27,37695.0,35985.0,37550.0,284794,,,,,,,,
POWERINDIA,2026-05-29,38645.0,36810.0,38445.0,376115,,,,,,,,
PPLPHARMA,2026-05-22,177.55,174.6,175.63,1458574,,,,,,,,
PPLPHARMA,2026-05-25,180.7,175.25,179.46,2936240,,,,,,,,
PPLPHARMA,2026-05-26,180.72,175.4,178.86,2124352,,,,,,,,
PPLPHARMA,2026-05-27,179.58,173.8,174.24,2480547,,,,,,,,
PPLPHARMA,2026-05-29,175.88,171.25,172.79,2626463,,,,,,,,
PREMIERENE,2026-05-22,1019.8,962.0,983.4,9877098,,,,,,,,
PREMIERENE,2026-05-25,1005.0,977.0,985.0,3295126,,,,,,,,
PREMIERENE,2026-05-26,1024.6,1001.0,1016.8,3696906,,,,,,,,
PREMIERENE,2026-05-27,1056.0,1015.8,1046.0,4606992,,,,,,,,
PREMIERENE,2026-05-29,1081.2,1040.0,1061.0,4187722,,,,,,,,
PRESTIGE,2026-05-22,1408.8,1343.5,1388.5,1491323,,,,,,,,
PRESTIGE,2026-05-25,1421.2,1392.2,1401.4,1227153,,,,,,,,
PRESTIGE,2026-05-26,1407.6,1381.0,1402.2,633072,,,,,,,,
PRESTIGE,2026-05-27,1434.0,1395.0,1399.8,616254,,,,,,,,
PRESTIGE,2026-05-29,1423.0,1353.8,1369.2,1176813,,,,,,,,
PTCIL,2026-05-22,16180.0,15758.0,15882.0,8762,,,,,,,,
PTCIL,2026-05-25,16300.0,15932.0,16279.0,11754,,,,,,,,
PTCIL,2026-05-26,16649.0,16264.0,16531.0,8751,,,,,,,,
PTCIL,2026-05-27,16941.0,16607.0,16687.0,8624,,,,,,,,
PTCIL,2026-05-29,16777.0,15930.0,16191.0,18835,,,,,,,,
PVRINOX,2026-05-22,998.5,977.2,979.8,213950,,,,,,,,
PVRINOX,2026-05-25,1005.1,979.0,981.4,239536,,,,,,,,
PVRINOX,2026-05-26,992.0,965.0,967.7,202611,,,,,,,,
PVRINOX,2026-05-27,979.3,949.9,957.8,170408,,,,,,,,
PVRINOX,2026-05-29,972.0,957.8,962.6,210317,,,,,,,,
PWL,2026-05-22,111.76,109.02,109.62,1772113,,,,,,,,
PWL,2026-05-25,112.5,109.75,110.99,1789741,,,,,,,,
PWL,2026-05-26,113.69,110.75,112.03,3896139,,,,,,,,
PWL,2026-05-27,112.8,111.2,111.99,1737050,,,,,,,,
PWL,2026-05-29,117.95,102.63,106.72,38188192,,,,,,,,
RADICO,2026-05-22,3594.9,3527.6,3561.1,147243,,,,,,,,
RADICO,2026-05-25,3588.0,3535.6,3539.4,119213,,,,,,,,
RADICO,2026-05-26,3590.0,3535.6,3578.4,191917,,,,,,,,
RADICO,2026-05-27,3649.0,3426.9,3439.3,463766,,,,,,,,
RADICO,2026-05-29,3569.0,3410.1,3518.6,647859,,,,,,,,
RAILTEL,2026-05-22,321.9,318.5,320.1,470848,,,,,,,,
RAILTEL,2026-05-25,330.0,321.05,328.55,1486613,,,,,,,,
RAILTEL,2026-05-26,330.5,321.1,324.05,716104,,,,,,,,
RAILTEL,2026-05-27,328.2,323.0,324.3,507838,,,,,,,,
RAILTEL,2026-05-29,326.2,312.75,315.3,916935,,,,,,,,
RAINBOW,2026-05-22,1360.0,1322.0,1355.0,121726,,,,,,,,
RAINBOW,2026-05-25,1376.9,1317.5,1350.0,199598,,,,,,,,
RAINBOW,2026-05-26,1390.2,1343.8,1365.4,147680,,,,,,,,
RAINBOW,2026-05-27,1379.9,1345.8,1377.1,69295,,,,,,,,
RAINBOW,2026-05-29,1394.0,1361.0,1380.3,119276,,,,,,,,
RAMCOCEM,2026-05-22,930.6,903.6,914.55,218732,,,,,,,,
RAMCOCEM,2026-05-25,949.0,902.15,906.45,386591,,,,,,,,
RAMCOCEM,2026-05-26,913.5,879.7,891.6,526480,,,,,,,,
RAMCOCEM,2026-05-27,905.55,883.0,886.8,153390,,,,,,,,
RAMCOCEM,2026-05-29,894.95,866.0,871.2,223216,,,,,,,,
RBLBANK,2026-05-22,336.0,327.5,334.35,3833075,,,,,,,,
RBLBANK,2026-05-25,346.65,337.45,343.35,5674878,,,,,,,,
RBLBANK,2026-05-26,346.4,341.35,344.25,3032110,,,,,,,,
RBLBANK,2026-05-27,353.0,343.0,348.25,4249696,,,,,,,,
RBLBANK,2026-05-29,351.1,341.25,345.0,7271205,,,,,,,,
RECLTD,2026-05-22,338.0,332.4,336.95,4613260,,,,,,,,
RECLTD,2026-05-25,345.0,340.0,342.2,3489013,,,,,,,,
RECLTD,2026-05-26,344.45,336.3,337.6,3913330,,,,,,,,
RECLTD,2026-05-27,340.65,336.6,339.7,3232759,,,,,,,,
RECLTD,2026-05-29,343.65,335.0,337.65,10274190,,,,,,,,
REDINGTON,2026-05-22,224.47,218.61,221.05,2125468,,,,,,,,
REDINGTON,2026-05-25,226.15,221.86,224.14,2798806,,,,,,,,
REDINGTON,2026-05-26,228.3,222.74,224.51,2800786,,,,,,,,
REDINGTON,2026-05-27,226.6,222.02,222.8,1557325,,,,,,,,
REDINGTON,2026-05-29,228.01,221.01,224.33,5366422,,,,,,,,
RELIANCE,2026-05-22,1367.4,1349.1,1354.5,7105813,,,,,,,,
RELIANCE,2026-05-25,1371.1,1357.0,1367.0,6750071,,,,,,,,
RELIANCE,2026-05-26,1368.5,1352.4,1356.3,13769747,,,,,,,,
RELIANCE,2026-05-27,1361.0,1348.6,1350.5,13215138,,,,,,,,
RELIANCE,2026-05-29,1369.0,1317.0,1321.2,42634247,,,,,,,,
RHIM,2026-05-22,405.0,391.1,394.25,302641,,,,,,,,
RHIM,2026-05-25,409.2,394.55,403.15,182906,,,,,,,,
RHIM,2026-05-26,413.6,401.0,405.6,161264,,,,,,,,
RHIM,2026-05-27,420.9,407.2,414.4,388637,,,,,,,,
RHIM,2026-05-29,416.05,386.5,406.6,886706,,,,,,,,
RITES,2026-05-22,206.15,202.42,203.95,465999,,,,,,,,
RITES,2026-05-25,208.9,204.8,207.3,528104,,,,,,,,
RITES,2026-05-26,209.2,204.41,205.29,414791,,,,,,,,
RITES,2026-05-27,208.12,204.15,205.96,345022,,,,,,,,
RITES,2026-05-29,207.95,200.0,202.24,608658,,,,,,,,
RKFORGE,2026-05-22,570.0,547.95,555.05,1084512,,,,,,,,
RKFORGE,2026-05-25,575.8,556.8,571.95,216919,,,,,,,,
RKFORGE,2026-05-26,584.5,565.5,569.35,314336,,,,,,,,
RKFORGE,2026-05-27,575.15,561.0,566.1,230577,,,,,,,,
RKFORGE,2026-05-29,584.1,559.6,566.4,698970,,,,,,,,
RPOWER,2026-05-22,27.58,26.26,27.08,37751721,,,,,,,,
RPOWER,2026-05-25,27.58,26.6,26.73,33773650,,,,,,,,
RPOWER,2026-05-26,27.48,26.65,26.69,35614155,,,,,,,,
RPOWER,2026-05-27,28.21,26.61,27.65,75780779,,,,,,,,
RPOWER,2026-05-29,28.75,27.38,27.64,50904392,,,,,,,,
RRKABEL,2026-05-22,1958.9,1912.1,1947.6,207646,,,,,,,,
RRKABEL,2026-05-25,2007.9,1955.1,1989.1,730185,,,,,,,,
RRKABEL,2026-05-26,2024.0,1971.0,1977.4,676749,,,,,,,,
RRKABEL,2026-05-27,2036.0,1929.9,1951.0,854759,,,,,,,,
RRKABEL,2026-05-29,2117.0,1961.4,2056.3,1682862,,,,,,,,
RVNL,2026-05-22,273.95,267.7,271.1,7245031,,,,,,,,
RVNL,2026-05-25,275.85,272.0,272.45,7242974,,,,,,,,
RVNL,2026-05-26,266.9,259.0,259.75,21022452,,,,,,,,
RVNL,2026-05-27,259.75,251.3,252.3,14271574,,,,,,,,
RVNL,2026-05-29,255.2,243.0,245.45,62620879,,,,,,,,
SAGILITY,2026-05-22,41.92,41.16,41.24,10498758,,,,,,,,
SAGILITY,2026-05-25,41.99,41.33,41.8,8218373,,,,,,,,
SAGILITY,2026-05-26,42.19,41.01,41.73,9065085,,,,,,,,
SAGILITY,2026-05-27,41.8,41.29,41.36,6481217,,,,,,,,
SAGILITY,2026-05-29,42.13,40.25,41.04,16905256,,,,,,,,
SAIL,2026-05-22,202.16,195.6,201.21,26032718,,,,,,,,
SAIL,2026-05-25,203.32,196.11,198.32,22355175,,,,,,,,
SAIL,2026-05-26,205.0,198.35,203.84,35728025,,,,,,,,
SAIL,2026-05-27,208.45,203.82,206.06,35333674,,,,,,,,
SAIL,2026-05-29,207.5,203.17,204.37,19770515,,,,,,,,
SAILIFE,2026-05-22,1138.1,1102.0,1113.8,180729,,,,,,,,
SAILIFE,2026-05-25,1184.8,1108.5,1175.9,851643,,,,,,,,
SAILIFE,2026-05-26,1171.0,1120.3,1141.0,1000531,,,,,,,,
SAILIFE,2026-05-27,1150.0,1116.3,1131.2,378461,,,,,,,,
SAILIFE,2026-05-29,1169.9,1126.0,1160.0,629048,,,,,,,,
SAMMAANCAP,2026-05-22,162.65,152.29,161.46,43392866,,,,,,,,
SAMMAANCAP,2026-05-25,169.18,161.75,168.56,41737350,,,,,,,,
SAMMAANCAP,2026-05-26,171.8,166.86,167.71,19503609,,,,,,,,
SAMMAANCAP,2026-05-27,175.5,168.01,173.32,33567073,,,,,,,,
SAMMAANCAP,2026-05-29,181.25,174.0,177.01,26648851,,,,,,,,
SAPPHIRE,2026-05-22,183.12,178.42,180.52,621498,,,,,,,,
SAPPHIRE,2026-05-25,186.35,180.5,184.92,279748,,,,,,,,
SAPPHIRE,2026-05-26,187.06,181.44,185.04,808416,,,,,,,,
SAPPHIRE,2026-05-27,185.34,180.25,182.1,714534,,,,,,,,
SAPPHIRE,2026-05-29,185.99,178.5,180.95,944133,,,,,,,,
SARDAEN,2026-05-22,570.0,560.75,568.35,287178,,,,,,,,
SARDAEN,2026-05-25,578.8,539.0,543.9,1460033,,,,,,,,
SARDAEN,2026-05-26,547.65,527.0,532.9,1069719,,,,,,,,
SARDAEN,2026-05-27,544.5,520.2,521.55,606946,,,,,,,,
SARDAEN,2026-05-29,525.5,507.0,511.95,947562,,,,,,,,
SAREGAMA,2026-05-22,414.95,398.3,402.3,1292660,,,,,,,,
SAREGAMA,2026-05-25,407.5,395.1,397.6,899266,,,,,,,,
SAREGAMA,2026-05-26,407.0,394.1,396.05,650709,,,,,,,,
SAREGAMA,2026-05-27,426.8,396.2,417.3,4766077,,,,,,,,
SAREGAMA,2026-05-29,428.0,411.6,424.15,1603546,,,,,,,,
SBFC,2026-05-22,92.0,90.43,91.17,274209,,,,,,,,
SBFC,2026-05-25,94.5,91.62,93.21,780968,,,,,,,,
SBFC,2026-05-26,93.89,91.59,91.88,350426,,,,,,,,
SBFC,2026-05-27,92.29,90.21,90.77,474513,,,,,,,,
SBFC,2026-05-29,96.5,91.6,94.3,4273865,,,,,,,,
SBICARD,2026-05-22,628.05,616.6,620.2,580756,,,,,,,,
SBICARD,2026-05-25,631.8,623.2,630.3,517158,,,,,,,,
SBICARD,2026-05-26,638.7,625.25,628.7,1318962,,,,,,,,
SBICARD,2026-05-27,632.5,622.25,625.25,476005,,,,,,,,
SBICARD,2026-05-29,632.2,617.15,624.4,4745064,,,,,,,,
SBILIFE,2026-05-22,1893.0,1860.9,1870.7,934443,,,,,,,,
SBILIFE,2026-05-25,1905.0,1879.8,1901.9,445135,,,,,,,,
SBILIFE,2026-05-26,1906.9,1876.1,1883.2,812898,,,,,,,,
SBILIFE,2026-05-27,1888.5,1860.0,1864.5,372683,,,,,,,,
SBILIFE,2026-05-29,1864.0,1820.5,1830.1,2094924,,,,,,,,
SBIN,2026-05-22,958.6,947.7,949.2,7807192,,,,,,,,
SBIN,2026-05-25,972.5,957.5,969.6,10934747,,,,,,,,
SBIN,2026-05-26,978.8,962.1,968.5,16269800,,,,,,,,
SBIN,2026-05-27,975.9,966.6,967.8,8111259,,,,,,,,
SBIN,2026-05-29,973.7,960.3,964.4,22292535,,,,,,,,
SCHAEFFLER,2026-05-22,4115.0,4036.4,4072.1,23499,,,,,,,,
SCHAEFFLER,2026-05-25,4135.6,4066.6,4102.7,32247,,,,,,,,
SCHAEFFLER,2026-05-26,4249.0,4102.7,4196.1,205458,,,,,,,,
SCHAEFFLER,2026-05-27,4246.5,4131.3,4157.7,25652,,,,,,,,
SCHAEFFLER,2026-05-29,4160.0,4064.0,4128.7,91309,,,,,,,,
SCHNEIDER,2026-05-22,1367.0,1299.0,1307.6,210276,,,,,,,,
SCHNEIDER,2026-05-25,1372.9,1317.7,1364.7,339190,,,,,,,,
SCHNEIDER,2026-05-26,1412.0,1348.1,1376.8,354616,,,,,,,,
SCHNEIDER,2026-05-27,1417.8,1361.0,1377.6,314166,,,,,,,,
SCHNEIDER,2026-05-29,1308.8,1308.8,1308.8,341833,,,,,,,,
SCI,2026-05-22,333.4,314.2,316.3,7139885,,,,,,,,
SCI,2026-05-25,321.55,300.35,302.75,10236255,,,,,,,,
SCI,2026-05-26,313.0,301.25,308.05,6299358,,,,,,,,
SCI,2026-05-27,312.95,300.65,303.45,4548340,,,,,,,,
SCI,2026-05-29,307.5,290.1,292.3,5154248,,,,,,,,
SHREECEM,2026-05-22,25030.0,24610.0,24785.0,13414,,,,,,,,
SHREECEM,2026-05-25,25425.0,24870.0,25355.0,11177,,,,,,,,
SHREECEM,2026-05-26,25395.0,24890.0,25180.0,17032,,,,,,,,
SHREECEM,2026-05-27,25600.0,25105.0,25400.0,7231,,,,,,,,
SHREECEM,2026-05-29,25575.0,25025.0,25275.0,86354,,,,,,,,
SHRIRAMFIN,2026-05-22,944.25,913.15,941.0,5414742,,,,,,,,
SHRIRAMFIN,2026-05-25,970.5,956.9,961.95,6256205,,,,,,,,
SHRIRAMFIN,2026-05-26,965.6,948.6,952.15,4350923,,,,,,,,
SHRIRAMFIN,2026-05-27,968.1,946.6,963.2,3592277,,,,,,,,
SHRIRAMFIN,2026-05-29,975.55,942.9,947.15,11248568,,,,,,,,
SHYAMMETL,2026-05-22,952.5,925.65,947.8,1120427,,,,,,,,
SHYAMMETL,2026-05-25,978.0,939.0,962.05,1201943,,,,,,,,
SHYAMMETL,2026-05-26,983.2,956.7,979.1,1435239,,,,,,,,
SHYAMMETL,2026-05-27,992.0,959.9,976.05,979320,,,,,,,,
SHYAMMETL,2026-05-29,979.3,960.05,973.35,1082414,,,,,,,,
SIEMENS,2026-05-22,3834.0,3714.0,3811.7,534453,,,,,,,,
SIEMENS,2026-05-25,3878.5,3658.0,3667.5,471211,,,,,,,,
SIEMENS,2026-05-26,3697.9,3620.0,3677.2,713402,,,,,,,,
SIEMENS,2026-05-27,3909.9,3543.3,3878.7,1738785,,,,,,,,
SIEMENS,2026-05-29,3937.3,3744.6,3844.0,2024437,,,,,,,,
SIGNATURE,2026-05-22,836.3,816.1,820.1,234920,,,,,,,,
SIGNATURE,2026-05-25,843.05,810.1,813.65,278313,,,,,,,,
SIGNATURE,2026-05-26,824.95,802.0,802.85,243049,,,,,,,,
SIGNATURE,2026-05-27,810.5,798.6,801.4,234845,,,,,,,,
SIGNATURE,2026-05-29,864.0,796.85,852.7,727631,,,,,,,,
SJVN,2026-05-22,73.93,73.0,73.09,2062639,,,,,,,,
SJVN,2026-05-25,74.75,73.76,74.27,1836904,,,,,,,,
SJVN,2026-05-26,75.2,73.32,73.79,2382386,,,,,,,,
SJVN,2026-05-27,76.13,73.75,75.52,4499727,,,,,,,,
SJVN,2026-05-29,77.8,74.25,75.16,7861333,,,,,,,,
SOBHA,2026-05-22,1397.7,1365.0,1376.9,40553,,,,,,,,
SOBHA,2026-05-25,1402.0,1382.7,1395.2,35197,,,,,,,,
SOBHA,2026-05-26,1433.0,1392.9,1419.0,74674,,,,,,,,
SOBHA,2026-05-27,1449.9,1388.0,1395.0,139356,,,,,,,,
SOBHA,2026-05-29,1425.1,1379.3,1418.0,239194,,,,,,,,
SOLARINDS,2026-05-22,18479.0,18055.0,18132.0,156707,,,,,,,,
SOLARINDS,2026-05-25,18475.0,18011.0,18377.0,105453,,,,,,,,
SOLARINDS,2026-05-26,18541.0,18280.0,18479.0,111277,,,,,,,,
SOLARINDS,2026-05-27,18799.0,18424.0,18653.0,105005,,,,,,,,
SOLARINDS,2026-05-29,18874.0,18027.0,18247.0,488294,,,,,,,,
SONACOMS,2026-05-22,599.95,584.3,593.75,2484984,,,,,,,,
SONACOMS,2026-05-25,603.55,592.7,594.65,711240,,,,,,,,
SONACOMS,2026-05-26,609.6,590.1,608.0,1904541,,,,,,,,
SONACOMS,2026-05-27,621.8,601.25,618.7,1907699,,,,,,,,
SONACOMS,2026-05-29,620.0,605.0,607.45,1914358,,,,,,,,
SONATSOFTW,2026-05-22,271.95,267.0,267.9,309940,,,,,,,,
SONATSOFTW,2026-05-25,278.4,267.15,274.1,775257,,,,,,,,
SONATSOFTW,2026-05-26,277.5,269.0,270.1,349749,,,,,,,,
SONATSOFTW,2026-05-27,272.65,265.0,265.75,290028,,,,,,,,
SONATSOFTW,2026-05-29,274.4,261.1,265.1,753303,,,,,,,,
SPLPETRO,2026-05-22,693.9,685.4,691.9,25035,,,,,,,,
SPLPETRO,2026-05-25,703.95,679.0,680.9,51131,,,,,,,,
SPLPETRO,2026-05-26,694.0,668.3,670.85,38983,,,,,,,,
SPLPETRO,2026-05-27,683.95,669.0,671.85,22196,,,,,,,,
SPLPETRO,2026-05-29,680.2,662.3,665.65,39046,,,,,,,,
SRF,2026-05-22,2688.0,2630.1,2639.4,521212,,,,,,,,
SRF,2026-05-25,2724.0,2655.4,2711.0,170564,,,,,,,,
SRF,2026-05-26,2772.9,2712.0,2749.7,704640,,,,,,,,
SRF,2026-05-27,2776.4,2725.0,2736.8,222202,,,,,,,,
SRF,2026-05-29,2759.0,2678.8,2715.8,2087600,,,,,,,,
STARHEALTH,2026-05-22,535.95,518.85,522.85,561347,,,,,,,,
STARHEALTH,2026-05-25,531.5,518.75,525.65,1016073,,,,,,,,
STARHEALTH,2026-05-26,535.2,522.0,524.05,525099,,,,,,,,
STARHEALTH,2026-05-27,534.7,522.25,524.65,395579,,,,,,,,
STARHEALTH,2026-05-29,534.85,519.35,527.95,988500,,,,,,,,
SUMICHEM,2026-05-22,479.55,467.05,469.2,218093,,,,,,,,
SUMICHEM,2026-05-25,482.4,466.9,478.65,749447,,,,,,,,
SUMICHEM,2026-05-26,492.95,478.95,489.05,399239,,,,,,,,
SUMICHEM,2026-05-27,501.3,467.0,495.5,610763,,,,,,,,
SUMICHEM,2026-05-29,509.95,485.0,501.55,706382,,,,,,,,
SUNDARMFIN,2026-05-22,4529.9,4425.0,4493.5,44437,,,,,,,,
SUNDARMFIN,2026-05-25,4533.9,4363.7,4385.2,112023,,,,,,,,
SUNDARMFIN,2026-05-26,4507.0,4302.0,4312.8,147704,,,,,,,,
SUNDARMFIN,2026-05-27,4363.9,4272.5,4354.6,60624,,,,,,,,
SUNDARMFIN,2026-05-29,4392.9,4115.0,4188.9,425370,,,,,,,,
SUNPHARMA,2026-05-22,1903.0,1833.1,1844.6,3610732,,,,,,,,
SUNPHARMA,2026-05-25,1849.0,1825.0,1840.6,3049028,,,,,,,,
SUNPHARMA,2026-05-26,1844.9,1815.9,1840.8,2337759,,,,,,,,
SUNPHARMA,2026-05-27,1882.0,1830.0,1844.3,1385752,,,,,,,,
SUNPHARMA,2026-05-29,1852.8,1785.3,1799.2,10058572,,,,,,,,
SUNTV,2026-05-22,524.95,484.3,486.7,1440599,,,,,,,,
SUNTV,2026-05-25,507.9,480.9,494.3,2013938,,,,,,,,
SUNTV,2026-05-26,500.55,487.2,493.2,823727,,,,,,,,
SUNTV,2026-05-27,529.7,493.25,512.9,2123874,,,,,,,,
SUNTV,2026-05-29,520.75,498.0,502.15,750212,,,,,,,,
SUPREMEIND,2026-05-22,3600.0,3460.5,3556.0,172744,,,,,,,,
SUPREMEIND,2026-05-25,3637.9,3564.6,3612.9,84056,,,,,,,,
SUPREMEIND,2026-05-26,3624.9,3555.0,3570.9,94449,,,,,,,,
SUPREMEIND,2026-05-27,3640.7,3537.0,3634.4,78050,,,,,,,,
SUPREMEIND,2026-05-29,3645.0,3515.1,3549.0,452509,,,,,,,,
SUZLON,2026-05-22,53.95,53.0,53.75,60760806,,,,,,,,
SUZLON,2026-05-25,54.9,53.1,53.99,132667695,,,,,,,,
SUZLON,2026-05-26,55.49,53.38,54.58,173729945,,,,,,,,
SUZLON,2026-05-27,58.1,54.42,57.53,227745007,,,,,,,,
SUZLON,2026-05-29,58.42,55.6,56.99,221481859,,,,,,,,
SWANCORP,2026-05-22,323.6,317.05,317.85,453918,,,,,,,,
SWANCORP,2026-05-25,326.9,320.0,322.95,479847,,,,,,,,
SWANCORP,2026-05-26,326.5,318.0,318.7,471918,,,,,,,,
SWANCORP,2026-05-27,323.9,317.0,321.45,354108,,,,,,,,
SWANCORP,2026-05-29,339.0,319.55,329.3,1491833,,,,,,,,
SWIGGY,2026-05-22,252.5,248.55,249.95,6447196,,,,,,,,
SWIGGY,2026-05-25,254.85,249.3,250.05,9910182,,,,,,,,
SWIGGY,2026-05-26,256.9,249.0,253.9,8487347,,,,,,,,
SWIGGY,2026-05-27,272.3,254.6,270.65,27066874,,,,,,,,
SWIGGY,2026-05-29,270.75,255.45,257.9,25781109,,,,,,,,
SYNGENE,2026-05-22,472.15,460.25,461.85,476765,,,,,,,,
SYNGENE,2026-05-25,472.0,458.45,462.4,878441,,,,,,,,
SYNGENE,2026-05-26,472.75,463.0,465.25,383489,,,,,,,,
SYNGENE,2026-05-27,467.9,459.0,460.4,1278726,,,,,,,,
SYNGENE,2026-05-29,464.15,436.05,442.0,942298,,,,,,,,
SYRMA,2026-05-22,1050.5,1018.5,1038.85,1027398,,,,,,,,
SYRMA,2026-05-25,1080.0,1036.15,1057.25,1019492,,,,,,,,
SYRMA,2026-05-26,1068.7,1039.0,1057.3,740843,,,,,,,,
SYRMA,2026-05-27,1075.75,1048.0,1053.8,544786,,,,,,,,
SYRMA,2026-05-29,1102.6,1049.1,1088.55,1983788,,,,,,,,
TARIL,2026-05-22,316.7,308.65,310.6,2012525,,,,,,,,
TARIL,2026-05-25,318.4,312.0,314.0,1923356,,,,,,,,
TARIL,2026-05-26,326.4,312.45,321.0,2933289,,,,,,,,
TARIL,2026-05-27,329.6,319.0,322.1,1820417,,,,,,,,
TARIL,2026-05-29,328.4,318.6,320.55,2042988,,,,,,,,
TATACAP,2026-05-22,302.5,296.8,299.7,3143267,,,,,,,,
TATACAP,2026-05-25,311.75,303.3,309.55,3918772,,,,,,,,
TATACAP,2026-05-26,318.0,309.65,317.0,3041108,,,,,,,,
TATACAP,2026-05-27,317.0,309.8,310.4,1174071,,,,,,,,
TATACAP,2026-05-29,313.8,301.35,305.9,2044700,,,,,,,,
TATACHEM,2026-05-22,760.9,744.0,750.2,371480,,,,,,,,
TATACHEM,2026-05-25,788.0,750.8,765.95,1726265,,,,,,,,
TATACHEM,2026-05-26,819.0,764.55,783.9,2645794,,,,,,,,
TATACHEM,2026-05-27,787.25,773.0,774.55,382711,,,,,,,,
TATACHEM,2026-05-29,775.3,755.0,758.0,447541,,,,,,,,
TATACOMM,2026-05-22,1979.0,1884.5,1964.0,2440357,,,,,,,,
TATACOMM,2026-05-25,1984.3,1911.5,1936.0,824325,,,,,,,,
TATACOMM,2026-05-26,2049.9,1888.0,2009.1,2522180,,,,,,,,
TATACOMM,2026-05-27,2048.0,1924.5,1966.6,1155522,,,,,,,,
TATACOMM,2026-05-29,1986.3,1907.4,1965.0,1178387,,,,,,,,
TATACONSUM,2026-05-22,1204.0,1189.1,1191.8,1808205,,,,,,,,
TATACONSUM,2026-05-25,1198.6,1181.5,1187.2,1811755,,,,,,,,
TATACONSUM,2026-05-26,1200.2,1174.5,1187.6,1766780,,,,,,,,
TATACONSUM,2026-05-27,1208.0,1184.7,1204.6,1608027,,,,,,,,
TATACONSUM,2026-05-29,1211.0,1168.4,1178.4,9836874,,,,,,,,
TATAELXSI,2026-05-22,4320.0,4177.3,4311.1,273949,,,,,,,,
TATAELXSI,2026-05-25,4394.0,4300.0,4327.2,287410,,,,,,,,
TATAELXSI,2026-05-26,4353.0,4310.0,4335.6,191626,,,,,,,,
TATAELXSI,2026-05-27,4369.9,4321.0,4331.2,172636,,,,,,,,
TATAELXSI,2026-05-29,4424.6,4265.0,4285.4,290950,,,,,,,,
TATAINVEST,2026-05-22,675.3,665.4,668.7,229018,,,,,,,,
TATAINVEST,2026-05-25,687.5,670.05,678.7,377106,,,,,,,,
TATAINVEST,2026-05-26,715.0,678.0,694.6,1799492,,,,,,,,
TATAINVEST,2026-05-27,692.5,681.3,682.85,291541,,,,,,,,
TATAINVEST,2026-05-29,694.75,679.0,690.15,506368,,,,,,,,
TATAPOWER,2026-05-22,412.95,406.15,408.9,4398760,,,,,,,,
TATAPOWER,2026-05-25,415.1,409.4,413.55,3635798,,,,,,,,
TATAPOWER,2026-05-26,426.8,414.0,420.95,9332347,,,,,,,,
TATAPOWER,2026-05-27,430.4,419.5,425.8,6171033,,,,,,,,
TATAPOWER,2026-05-29,434.0,419.65,420.75,8197538,,,,,,,,
TATASTEEL,2026-05-22,210.88,208.26,209.19,22023114,,,,,,,,
TATASTEEL,2026-05-25,211.75,209.44,210.22,23090495,,,,,,,,
TATASTEEL,2026-05-26,211.14,209.51,210.47,17801824,,,,,,,,
TATASTEEL,2026-05-27,218.96,210.7,214.7,39110042,,,,,,,,
TATASTEEL,2026-05-29,215.7,206.7,208.02,67467374,,,,,,,,
TATATECH,2026-05-22,673.0,656.35,671.35,898064,,,,,,,,
TATATECH,2026-05-25,678.15,664.1,677.3,824834,,,,,,,,
TATATECH,2026-05-26,709.0,675.05,706.3,3060163,,,,,,,,
TATATECH,2026-05-27,725.65,707.1,719.75,2564736,,,,,,,,
TATATECH,2026-05-29,729.0,701.0,705.3,1313910,,,,,,,,
TBOTEK,2026-05-22,1230.0,1172.9,1194.6,111808,,,,,,,,
TBOTEK,2026-05-25,1220.0,1190.0,1215.2,34794,,,,,,,,
TBOTEK,2026-05-26,1238.9,1205.0,1215.0,65876,,,,,,,,
TBOTEK,2026-05-27,1229.6,1201.0,1225.0,26416,,,,,,,,
TBOTEK,2026-05-29,1288.4,1181.8,1229.4,194238,,,,,,,,
TCS,2026-05-22,2340.0,2308.1,2317.3,2617262,,,,,,,,
TCS,2026-05-25,2326.1,2293.0,2308.2,3298364,,,,,,,,
TCS,2026-05-26,2327.9,2272.4,2276.2,3587597,,,,,,,,
TCS,2026-05-27,2295.6,2260.9,2284.2,2653950,,,,,,,,
TCS,2026-05-29,2334.0,2235.0,2258.9,16331582,,,,,,,,
TECHM,2026-05-22,1429.3,1406.1,1422.2,654078,,,,,,,,
TECHM,2026-05-25,1445.0,1421.2,1435.5,887430,,,,,,,,
TECHM,2026-05-26,1465.8,1429.9,1458.7,1725570,,,,,,,,
TECHM,2026-05-27,1479.0,1451.1,1455.6,1825192,,,,,,,,
TECHM,2026-05-29,1496.6,1460.1,1483.9,3955137,,,,,,,,
TECHNOE,2026-05-22,1349.8,1296.5,1334.5,825282,,,,,,,,
TECHNOE,2026-05-25,1383.9,1325.0,1373.0,559901,,,,,,,,
TECHNOE,2026-05-26,1250.0,1193.0,1201.2,2142638,,,,,,,,
TECHNOE,2026-05-27,1189.9,1059.2,1072.6,2769365,,,,,,,,
TECHNOE,2026-05-29,1104.7,1063.1,1079.2,981501,,,,,,,,
TEGA,2026-05-22,1629.9,1580.2,1603.0,20952,,,,,,,,
TEGA,2026-05-25,1635.0,1597.4,1609.8,25727,,,,,,,,
TEGA,2026-05-26,1612.6,1578.3,1588.6,41413,,,,,,,,
TEGA,2026-05-27,1604.0,1581.3,1599.7,27406,,,,,,,,
TEGA,2026-05-29,1829.0,1522.2,1766.0,2431931,,,,,,,,
TEJASNET,2026-05-22,477.0,461.3,468.15,2407371,,,,,,,,
TEJASNET,2026-05-25,487.55,469.55,473.95,3566345,,,,,,,,
TEJASNET,2026-05-26,511.0,474.3,501.4,13303108,,,,,,,,
TEJASNET,2026-05-27,507.25,491.5,494.25,3463373,,,,,,,,
TEJASNET,2026-05-29,529.85,486.75,520.4,14287053,,,,,,,,
TENNIND,2026-05-22,603.7,590.95,594.15,355437,,,,,,,,
TENNIND,2026-05-25,633.0,605.0,617.75,2197158,,,,,,,,
TENNIND,2026-05-26,626.45,608.0,611.25,457480,,,,,,,,
TENNIND,2026-05-27,621.45,606.5,615.25,476701,,,,,,,,
TENNIND,2026-05-29,620.0,570.95,588.3,2980446,,,,,,,,
THELEELA,2026-05-22,418.0,403.1,415.75,245998,,,,,,,,
THELEELA,2026-05-25,424.95,411.5,414.35,312468,,,,,,,,
THELEELA,2026-05-26,426.9,412.1,419.75,245928,,,,,,,,
THELEELA,2026-05-27,421.0,412.5,414.45,48765,,,,,,,,
THELEELA,2026-05-29,416.5,406.55,413.4,217614,,,,,,,,
THERMAX,2026-05-22,4636.0,4421.6,4454.6,232003,,,,,,,,
THERMAX,2026-05-25,4476.9,4405.1,4435.7,104492,,,,,,,,
THERMAX,2026-05-26,4510.7,4383.1,4435.8,142494,,,,,,,,
THERMAX,2026-05-27,4658.4,4423.5,4590.6,616811,,,,,,,,
THERMAX,2026-05-29,5075.0,4650.0,4982.7,1786425,,,,,,,,
TIINDIA,2026-05-22,3043.0,2970.0,3011.3,224252,,,,,,,,
TIINDIA,2026-05-25,3100.0,3026.3,3047.6,175370,,,,,,,,
TIINDIA,2026-05-26,3072.7,3014.9,3039.1,169112,,,,,,,,
TIINDIA,2026-05-27,3224.9,3050.0,3210.5,647171,,,,,,,,
TIINDIA,2026-05-29,3250.0,3121.9,3141.4,740060,,,,,,,,
TIMKEN,2026-05-22,3765.0,3672.2,3750.2,74181,,,,,,,,
TIMKEN,2026-05-25,3775.0,3608.4,3621.2,165147,,,,,,,,
TIMKEN,2026-05-26,3654.9,3580.1,3604.8,37681,,,,,,,,
TIMKEN,2026-05-27,3652.0,3606.6,3636.9,18164,,,,,,,,
TIMKEN,2026-05-29,3644.5,3580.0,3630.4,48935,,,,,,,,
TITAGARH,2026-05-22,767.45,751.95,757.3,363409,,,,,,,,
TITAGARH,2026-05-25,840.0,767.0,832.1,8038325,,,,,,,,
TITAGARH,2026-05-26,837.6,815.15,816.55,1253576,,,,,,,,
TITAGARH,2026-05-27,850.7,811.25,847.2,1514080,,,,,,,,
TITAGARH,2026-05-29,860.0,815.5,826.15,1171755,,,,,,,,
TITAN,2026-05-22,4113.8,4054.1,4079.8,768112,,,,,,,,
TITAN,2026-05-25,4170.0,4110.4,4159.2,606086,,,,,,,,
TITAN,2026-05-26,4160.0,4091.0,4105.9,766717,,,,,,,,
TITAN,2026-05-27,4165.1,4091.1,4137.9,474044,,,,,,,,
TITAN,2026-05-29,4163.3,4059.0,4074.9,2001419,,,,,,,,
TMCV,2026-05-22,389.0,374.55,382.95,9763844,,,,,,,,
TMCV,2026-05-25,399.35,386.0,395.65,11762656,,,,,,,,
TMCV,2026-05-26,398.25,383.4,385.1,7730325,,,,,,,,
TMCV,2026-05-27,391.8,378.5,383.85,6674566,,,,,,,,
TMCV,2026-05-29,391.65,377.05,379.5,21660601,,,,,,,,
TMPV,2026-05-22,365.65,361.75,363.35,6934910,,,,,,,,
TMPV,2026-05-25,374.3,366.15,373.25,10356089,,,,,,,,
TMPV,2026-05-26,387.3,371.8,385.6,21346890,,,,,,,,
TMPV,2026-05-27,404.0,383.7,400.95,16294686,,,,,,,,
TMPV,2026-05-29,408.0,390.7,393.9,31210075,,,,,,,,
TORNTPHARM,2026-05-22,4535.0,4440.7,4486.2,205928,,,,,,,,
TORNTPHARM,2026-05-25,4712.9,4510.0,4572.6,1007365,,,,,,,,
TORNTPHARM,2026-05-26,4595.2,4413.0,4452.1,506176,,,,,,,,
TORNTPHARM,2026-05-27,4552.9,4434.1,4537.8,217334,,,,,,,,
TORNTPHARM,2026-05-29,4575.0,4356.1,4410.8,3002937,,,,,,,,
TORNTPOWER,2026-05-22,1503.1,1476.1,1498.5,203223,,,,,,,,
TORNTPOWER,2026-05-25,1509.0,1468.0,1474.6,598235,,,,,,,,
TORNTPOWER,2026-05-26,1489.0,1463.8,1468.5,380704,,,,,,,,
TORNTPOWER,2026-05-27,1485.9,1438.0,1440.5,523751,,,,,,,,
TORNTPOWER,2026-05-29,1473.6,1407.0,1420.3,1496208,,,,,,,,
TRAVELFOOD,2026-05-22,1148.8,1063.1,1130.6,294790,,,,,,,,
TRAVELFOOD,2026-05-25,1168.3,1120.0,1152.6,97221,,,,,,,,
TRAVELFOOD,2026-05-26,1220.4,1155.0,1201.2,305160,,,,,,,,
TRAVELFOOD,2026-05-27,1243.0,1201.2,1221.9,76890,,,,,,,,
TRAVELFOOD,2026-05-29,1243.6,1202.1,1224.6,46140,,,,,,,,
TRENT,2026-05-22,4314.9,4157.3,4296.5,1087977,,,,,,,,
TRENT,2026-05-25,4362.0,4290.0,4300.0,584516,,,,,,,,
TRENT,2026-05-26,4310.3,4230.0,4239.6,562260,,,,,,,,
TRENT,2026-05-27,4287.3,4220.5,4248.6,429915,,,,,,,,
TRENT,2026-05-29,4335.7,4190.0,4224.0,1184705,,,,,,,,
TRIDENT,2026-05-22,24.6,24.11,24.4,5667894,,,,,,,,
TRIDENT,2026-05-25,24.85,24.36,24.58,4635006,,,,,,,,
TRIDENT,2026-05-26,24.85,24.4,24.45,3920692,,,,,,,,
TRIDENT,2026-05-27,24.84,24.38,24.67,4111359,,,,,,,,
TRIDENT,2026-05-29,24.92,23.93,24.04,7584199,,,,,,,,
TRITURBINE,2026-05-22,738.0,693.0,706.95,13994095,,,,,,,,
TRITURBINE,2026-05-25,714.9,687.6,692.75,1691050,,,,,,,,
TRITURBINE,2026-05-26,703.9,685.0,690.45,954520,,,,,,,,
TRITURBINE,2026-05-27,724.55,690.5,719.15,2436940,,,,,,,,
TRITURBINE,2026-05-29,787.6,724.5,741.5,6887269,,,,,,,,
TTML,2026-05-22,42.65,42.05,42.19,1488288,,,,,,,,
TTML,2026-05-25,43.2,42.45,42.86,1472079,,,,,,,,
TTML,2026-05-26,44.39,42.63,42.95,2643398,,,,,,,,
TTML,2026-05-27,43.89,42.76,43.07,1661486,,,,,,,,
TTML,2026-05-29,43.72,42.52,42.81,1902136,,,,,,,,
TVSMOTOR,2026-05-22,3443.4,3380.0,3417.5,924915,,,,,,,,
TVSMOTOR,2026-05-25,3501.7,3420.0,3469.5,918345,,,,,,,,
TVSMOTOR,2026-05-26,3484.5,3419.7,3454.9,651538,,,,,,,,
TVSMOTOR,2026-05-27,3475.4,3361.1,3384.6,2535619,,,,,,,,
TVSMOTOR,2026-05-29,3465.0,3315.2,3355.7,2519839,,,,,,,,
UBL,2026-05-22,1345.7,1312.7,1315.2,152050,,,,,,,,
UBL,2026-05-25,1328.2,1317.4,1323.5,310005,,,,,,,,
UBL,2026-05-26,1359.0,1318.5,1343.7,531437,,,,,,,,
UBL,2026-05-27,1365.3,1337.0,1339.8,137002,,,,,,,,
UBL,2026-05-29,1353.0,1310.0,1320.0,112585,,,,,,,,
UCOBANK,2026-05-22,24.86,24.67,24.74,2485324,,,,,,,,
UCOBANK,2026-05-25,25.62,24.91,25.54,5082494,,,,,,,,
UCOBANK,2026-05-26,25.8,25.31,25.41,3687303,,,,,,,,
UCOBANK,2026-05-27,25.69,25.3,25.54,3747300,,,,,,,,
UCOBANK,2026-05-29,25.78,25.1,25.21,3517568,,,,,,,,
ULTRACEMCO,2026-05-22,11650.0,11511.0,11569.0,340427,,,,,,,,
ULTRACEMCO,2026-05-25,11796.0,11614.0,11726.0,229618,,,,,,,,
ULTRACEMCO,2026-05-26,11749.0,11580.0,11623.0,210716,,,,,,,,
ULTRACEMCO,2026-05-27,11750.0,11601.0,11689.0,243628,,,,,,,,
ULTRACEMCO,2026-05-29,11779.0,11338.0,11482.0,1776975,,,,,,,,
UNIONBANK,2026-05-22,161.61,159.43,160.72,8563944,,,,,,,,
UNIONBANK,2026-05-25,169.46,161.91,168.87,19110578,,,,,,,,
UNIONBANK,2026-05-26,170.96,166.24,167.56,16199061,,,,,,,,
UNIONBANK,2026-05-27,169.4,167.07,168.72,7569728,,,,,,,,
UNIONBANK,2026-05-29,171.79,166.6,167.88,48286734,,,,,,,,
UNITDSPR,2026-05-22,1286.9,1259.0,1282.1,842545,,,,,,,,
UNITDSPR,2026-05-25,1302.0,1279.0,1284.1,739366,,,,,,,,
UNITDSPR,2026-05-26,1297.0,1276.3,1293.4,1103951,,,,,,,,
UNITDSPR,2026-05-27,1310.3,1290.6,1302.5,443996,,,,,,,,
UNITDSPR,2026-05-29,1308.9,1260.5,1270.0,2164859,,,,,,,,
UNOMINDA,2026-05-22,1112.8,1071.2,1089.3,1131416,,,,,,,,
UNOMINDA,2026-05-25,1123.6,1099.0,1118.5,1331136,,,,,,,,
UNOMINDA,2026-05-26,1125.4,1107.1,1114.9,419941,,,,,,,,
UNOMINDA,2026-05-27,1135.0,1112.0,1130.8,807439,,,,,,,,
UNOMINDA,2026-05-29,1136.8,1095.3,1101.7,969269,,,,,,,,
UPL,2026-05-22,635.5,625.05,632.0,2217195,,,,,,,,
UPL,2026-05-25,654.55,636.85,652.3,1467073,,,,,,,,
UPL,2026-05-26,661.6,652.4,655.0,1770548,,,,,,,,
UPL,2026-05-27,659.7,653.75,656.15,896366,,,,,,,,
UPL,2026-05-29,660.9,638.5,644.8,6468953,,,,,,,,
URBANCO,2026-05-22,121.6,117.8,120.03,3303303,,,,,,,,
URBANCO,2026-05-25,126.89,120.8,124.65,10262646,,,,,,,,
URBANCO,2026-05-26,126.47,122.9,123.36,3961104,,,,,,,,
URBANCO,2026-05-27,125.1,122.2,123.36,3987036,,,,,,,,
URBANCO,2026-05-29,124.9,119.45,120.03,3116664,,,,,,,,
USHAMART,2026-05-22,468.7,459.05,465.7,290342,,,,,,,,
USHAMART,2026-05-25,479.85,468.05,473.9,389938,,,,,,,,
USHAMART,2026-05-26,484.9,471.4,480.8,517110,,,,,,,,
USHAMART,2026-05-27,518.0,485.0,510.45,5794545,,,,,,,,
USHAMART,2026-05-29,516.9,494.1,506.05,1070998,,,,,,,,
UTIAMC,2026-05-22,966.0,942.2,953.25,90386,,,,,,,,
UTIAMC,2026-05-25,964.0,953.3,957.7,39414,,,,,,,,
UTIAMC,2026-05-26,967.0,950.0,952.75,43129,,,,,,,,
UTIAMC,2026-05-27,960.0,947.5,952.1,32046,,,,,,,,
UTIAMC,2026-05-29,959.95,937.55,940.7,61025,,,,,,,,
VBL,2026-05-22,541.4,526.6,539.45,18510994,,,,,,,,
VBL,2026-05-25,543.95,526.2,530.7,8578018,,,,,,,,
VBL,2026-05-26,535.0,526.55,531.3,4811410,,,,,,,,
VBL,2026-05-27,540.0,530.4,534.5,4232992,,,,,,,,
VBL,2026-05-29,544.4,525.45,528.0,13582024,,,,,,,,
VEDL,2026-05-22,333.6,327.0,329.95,14086715,,,,,,,,
VEDL,2026-05-25,335.4,330.5,332.5,11129217,,,,,,,,
VEDL,2026-05-26,348.5,332.15,344.9,39844071,,,,,,,,
VEDL,2026-05-27,357.95,345.9,354.7,26959207,,,,,,,,
VEDL,2026-05-29,360.0,350.0,352.6,32684449,,,,,,,,
VIJAYA,2026-05-22,1256.0,1221.4,1227.1,167296,,,,,,,,
VIJAYA,2026-05-25,1240.0,1212.0,1220.4,146945,,,,,,,,
VIJAYA,2026-05-26,1273.7,1220.4,1259.6,155556,,,,,,,,
VIJAYA,2026-05-27,1270.2,1230.6,1261.4,100290,,,,,,,,
VIJAYA,2026-05-29,1322.1,1261.9,1308.5,418625,,,,,,,,
VMM,2026-05-22,124.29,121.06,121.66,5742149,,,,,,,,
VMM,2026-05-25,122.91,119.78,121.05,7503994,,,,,,,,
VMM,2026-05-26,122.63,120.61,121.08,4961304,,,,,,,,
VMM,2026-05-27,122.65,120.81,121.45,5823094,,,,,,,,
VMM,2026-05-29,122.27,120.29,121.77,18362913,,,,,,,,
VOLTAS,2026-05-22,1281.0,1262.6,1268.1,832401,,,,,,,,
VOLTAS,2026-05-25,1295.0,1276.3,1284.0,1052123,,,,,,,,
VOLTAS,2026-05-26,1288.9,1263.6,1271.4,592885,,,,,,,,
VOLTAS,2026-05-27,1284.9,1248.6,1261.8,849420,,,,,,,,
VOLTAS,2026-05-29,1300.0,1232.2,1245.7,2960575,,,,,,,,
VTL,2026-05-22,625.0,609.0,610.65,183106,,,,,,,,
VTL,2026-05-25,623.0,591.8,601.4,273602,,,,,,,,
VTL,2026-05-26,607.8,596.5,598.65,185231,,,,,,,,
VTL,2026-05-27,604.15,594.0,595.5,129644,,,,,,,,
VTL,2026-05-29,599.8,570.25,577.15,280618,,,,,,,,
WAAREEENER,2026-05-22,3087.7,2992.1,2997.5,1254447,,,,,,,,
WAAREEENER,2026-05-25,3028.3,2974.9,2984.2,1277965,,,,,,,,
WAAREEENER,2026-05-26,3102.0,2995.1,3088.1,1540466,,,,,,,,
WAAREEENER,2026-05-27,3154.6,3040.0,3129.1,1978239,,,,,,,,
WAAREEENER,2026-05-29,3180.0,3071.9,3140.8,3943932,,,,,,,,
WELCORP,2026-05-22,1306.8,1252.2,1277.5,2567700,,,,,,,,
WELCORP,2026-05-25,1321.4,1284.9,1297.6,461997,,,,,,,,
WELCORP,2026-05-26,1337.8,1290.1,1319.0,498263,,,,,,,,
WELCORP,2026-05-27,1380.0,1319.0,1372.9,1221343,,,,,,,,
WELCORP,2026-05-29,1394.8,1345.8,1376.9,1914364,,,,,,,,
WELSPUNLIV,2026-05-22,142.46,137.83,139.2,2248860,,,,,,,,
WELSPUNLIV,2026-05-25,141.63,137.85,138.62,1291429,,,,,,,,
WELSPUNLIV,2026-05-26,141.99,138.31,138.81,691668,,,,,,,,
WELSPUNLIV,2026-05-27,141.36,138.84,139.45,736880,,,,,,,,
WELSPUNLIV,2026-05-29,141.27,137.3,137.97,918905,,,,,,,,
WHIRLPOOL,2026-05-22,875.0,841.3,845.75,270132,,,,,,,,
WHIRLPOOL,2026-05-25,863.0,844.8,855.1,329005,,,,,,,,
WHIRLPOOL,2026-05-26,871.0,842.25,855.1,209665,,,,,,,,
WHIRLPOOL,2026-05-27,863.0,845.1,849.55,190403,,,,,,,,
WHIRLPOOL,2026-05-29,852.85,818.0,822.5,353067,,,,,,,,
WIPRO,2026-05-22,205.4,198.83,203.11,40014399,,,,,,,,
WIPRO,2026-05-25,209.55,204.06,206.84,72041558,,,,,,,,
WIPRO,2026-05-26,208.69,202.94,203.73,46458415,,,,,,,,
WIPRO,2026-05-27,205.99,200.2,201.58,39465643,,,,,,,,
WIPRO,2026-05-29,211.0,203.65,204.25,82734524,,,,,,,,
WOCKPHARMA,2026-05-22,1614.7,1569.0,1575.4,505376,,,,,,,,
WOCKPHARMA,2026-05-25,1645.0,1571.0,1637.6,1556653,,,,,,,,
WOCKPHARMA,2026-05-26,1729.7,1633.6,1700.2,2686937,,,,,,,,
WOCKPHARMA,2026-05-27,1789.0,1706.0,1771.0,1963251,,,,,,,,
WOCKPHARMA,2026-05-29,2097.4,1872.1,2031.4,13172612,,,,,,,,
YESBANK,2026-05-22,21.97,21.42,21.87,87040517,,,,,,,,
YESBANK,2026-05-25,22.4,22.01,22.29,69502731,,,,,,,,
YESBANK,2026-05-26,22.9,22.2,22.83,122217274,,,,,,,,
YESBANK,2026-05-27,22.97,22.72,22.76,83642012,,,,,,,,
YESBANK,2026-05-29,23.55,22.8,23.15,313761828,,,,,,,,
ZEEL,2026-05-22,84.1,81.87,82.13,7469610,,,,,,,,
ZEEL,2026-05-25,84.75,82.38,82.68,8871000,,,,,,,,
ZEEL,2026-05-26,84.59,82.51,82.78,6639254,,,,,,,,
ZEEL,2026-05-27,92.99,83.18,91.46,122229243,,,,,,,,
ZEEL,2026-05-29,95.46,90.6,93.11,42532141,,,,,,,,
ZENSARTECH,2026-05-22,495.75,486.5,488.8,189018,,,,,,,,
ZENSARTECH,2026-05-25,496.8,491.75,493.05,196446,,,,,,,,
ZENSARTECH,2026-05-26,499.0,486.0,487.75,273015,,,,,,,,
ZENSARTECH,2026-05-27,498.0,485.0,491.3,220218,,,,,,,,
ZENSARTECH,2026-05-29,509.8,492.0,494.15,610045,,,,,,,,
ZENTEC,2026-05-22,1620.0,1581.0,1593.1,354822,,,,,,,,
ZENTEC,2026-05-25,1624.0,1593.2,1608.0,265204,,,,,,,,
ZENTEC,2026-05-26,1635.2,1600.1,1602.8,267780,,,,,,,,
ZENTEC,2026-05-27,1721.7,1605.2,1695.5,1971137,,,,,,,,
ZENTEC,2026-05-29,1714.4,1651.0,1664.7,689532,,,,,,,,
ZFCVINDIA,2026-05-22,14897.0,14701.0,14805.0,6245,,,,,,,,
ZFCVINDIA,2026-05-25,15250.0,14857.0,14993.0,14498,,,,,,,,
ZFCVINDIA,2026-05-26,15349.0,14750.0,14884.0,15133,,,,,,,,
ZFCVINDIA,2026-05-27,14959.0,14685.0,14868.0,24234,,,,,,,,
ZFCVINDIA,2026-05-29,15123.0,14452.0,14674.0,25438,,,,,,,,
ZYDUSLIFE,2026-05-22,1047.45,1036.8,1038.95,1296117,,,,,,,,
ZYDUSLIFE,2026-05-25,1075.0,1041.5,1072.95,2355182,,,,,,,,
ZYDUSLIFE,2026-05-26,1083.25,1066.35,1079.05,1948614,,,,,,,,
ZYDUSLIFE,2026-05-27,1088.9,1074.25,1085.8,2116567,,,,,,,,
ZYDUSLIFE,2026-05-29,1115.5,1071.2,1077.7,4588161,,,,,,,,
ZYDUSWELL,2026-05-22,499.1,487.2,490.4,237056,,,,,,,,
ZYDUSWELL,2026-05-25,498.2,484.55,486.25,220734,,,,,,,,
ZYDUSWELL,2026-05-26,494.85,480.0,481.05,295520,,,,,,,,
ZYDUSWELL,2026-05-27,487.9,480.0,481.45,205276,,,,,,,,
ZYDUSWELL,2026-05-29,512.0,480.3,507.05,880332,,,,,,,,
